triggers	path	source	verified
connected-app, connected app is the oauth2 client side and one token cache row holds one user's token, whose expiry is measured from the row's modified timestamp rather than from when the token was issued, ConnectedApp.validate, get_oauth2_session, initiate_web_application_flow, get_user_token, get_token_cache, get_scopes, get_query_params, get_active_token, get_backend_app_token, get_openid_configuration, callback, client_id, client_secret, redirect_uri, authorization_uri, token_uri, revocation_uri, userinfo_uri, introspection_uri, openid_configuration, scopes, query_parameters, TokenCache.get_auth_header, update_data, get_expires_in, is_expired, get_json, autoname, access_token, refresh_token, expires_in, state, success_uri, token_type, authorize, get_token, revoke_token, openid_profile, introspect_token, Token Cache, Please enter OpenID Configuration URL, Invalid Parameters., Invalid token state! Check if the token has been created by the OAuth user., oauth2 client credentials, connected app token expiry, the token looks fresh but the other system keeps rejecting it, our access token expires way earlier than it should, why does the saved token suddenly say it is still valid when it is dead, the stored token clock resets every time we touch the record, the integration silently stops working and nothing is in the error log, getting a none instead of a token and the next line blows up, why did my refresh come back empty with no error, the scheduled job just returns a login url instead of doing the work, background job tries to send the user to a sign in page, the callback url i typed keeps getting overwritten when i save, i set the redirect address and it changed itself back, which side do i use when another system wants to log into us, my extra login parameters are ignored by the provider, my database changes got committed halfway through the login flow, connected app	knowledge/api/connected-app.md	-	-
credential-storage, a password field moves the value into __auth on save and leaves a mask of asterisks in the row, reading the field directly returns the mask and frappe.db.set_value writes the secret in clear text, BaseDocument._save_passwords, get_password, is_dummy_password, get_decrypted_password, set_encrypted_password, remove_encrypted_password, encrypt, decrypt, get_encryption_key, Database.set_value, set_single_value, Please check the value of, Most probably your password is too long., Encryption key is in invalid format!, how does frappe store passwords, password field encryption, the password field just shows a row of stars when i read it, reading the secret back gives me asterisks instead of the real value, why does my api key come back as stars in code, the check that the key is filled passes even though it is garbage, our secret is sitting in the database in plain text for anyone to read, the api key is visible in the table and i never put it there, how did the password end up unencrypted in the database, everything works fine but i think the secret is stored wrong, after restoring a copy of the site every secret fails to decrypt, moved the site to a new server and now all the passwords are broken, why did all our stored keys stop working after the restore, i cleared the field but the old secret is still there, deleting the credential does not actually remove it, the integration library errors instead of telling me the key is missing, credential storage	knowledge/api/credential-storage.md	-	-
inbound-verification, verify_request authenticates a signed get link and refuses any request carrying a body, frappe verifies no inbound webhook and the app has to write that check itself, get_signed_params, get_secret, verify_request, _sign_message, get_url, get_signature, verify_using_doc, auth_webhook, PushNotification._get_credential, HTTPRequest.validate_csrf_token, UNSAFE_HTTP_METHODS, make_form_dict, get_request_form_data, Invalid Request, Login with username and password is not allowed., Login not allowed at this time, verify an incoming webhook request, signed request verification, the incoming webhook always fails the signature check, we get an invalid link page instead of a webhook response, why does the built in check reject every post we receive, our signature never matches even though the secret is right, the digest only matches sometimes depending on the payload, anyone can post to our endpoint and we accept it, is there anything stopping a stranger from faking a callback to us, the receiving endpoint takes any payload without checking who sent it, outside calls get blocked with a token error before reaching our code, the provider gets a 403 when it tries to notify us, how do i prove an incoming call really came from the provider, rejected calls leave no trace so we cannot debug them, the header the provider sends is never validated on our side, inbound verification	knowledge/api/inbound-verification.md	-	-
integration-request, integration request is the outbound call log and only create_request_log writes it, a call made through make_request leaves no row unless the caller opens one itself, create_request_log, get_json, IntegrationRequest.autoname, update_status, handle_success, handle_failure, clear_old_logs, status, integration_request_service, is_remote_request, request_description, request_id, default_log_clearing_doctypes, log an outgoing api call, integration request log, we make outgoing calls but nothing shows in the log, there is no record of the request we just sent out, why is the outgoing call history empty, our api keys are visible to anyone who opens the call history, the logs contain the secret we send in the headers, old call records disappear after a few months, the log rows vanished and i needed them for an audit, staff cannot create or edit these log entries from the screen, the provider calls back and we cannot find the matching request, when they send the same callback twice we get two rows and wrong numbers, how do i keep a trace when the call crashes halfway, my transaction got committed early because of the logging, the failure handler cannot save the row because validation fires, integration request	knowledge/api/integration-request.md	-	-
integration-settings, eight settings doctypes in frappe hold an outbound credential and google drive is the one that keeps both oauth values as data, its refresh token sits in tabsingles in clear text, DropboxSettings.onload, get_dropbox_settings, set_dropbox_token, S3BackupSettings.validate, take_backup, LDAPSettings.validate, connect_to_ldap, get_file_picker_settings, GoogleOAuth.validate_google_settings, authorize, refresh_access_token, get_google_service_object, handle_response, get_access_token, authorize_access, get_google_drive_object, GoogleCalendar.get_access_token, google_callback, GoogleContacts.get_access_token, get_google_contacts_object, PushNotificationSettings.validate_relay_server_setup, PushNotification._get_credential, auth_webhook, get_google_indexing_object, Dropbox Settings, S3 Backup Settings, Ldap Settings, Google Settings, Google Drive, Google Calendar, Google Contacts, Push Notification Settings, Website Settings, Number of DB backups cannot be less than 1, Queued for backup. It may take a few minutes to an hour., Ensure the user and group search paths are correct., which doctypes store an api credential, oauth settings doctype, the google refresh token is stored in plain text in our database, a stored cloud credential is readable straight from the table, why is the token not encrypted like the other password fields, the drive upload works for an hour then stops until we reconnect, backups to the cloud fail every day with an expired credential, we have to reauthorize the connection over and over, saving the settings page hangs and then throws a bucket error, the settings screen makes a network call every time i save it, the directory login says wrong username or password but the password is right, the sign in test fails for a reason that has nothing to do with the password, the check says the credential is set but the connection still fails, which screens actually hold our external keys, the file storage keys are blank in the form but uploads still work, enabling push notifications refuses to save, integration settings	knowledge/api/integration-settings.md	-	-
outbound-http, every make_*_request call shares one session whose retry list is [500] with no backoff, a 429 or a 503 raises on the first response and a 500 is repeated five times in a burst, make_request, make_get_request, make_post_request, make_put_request, make_patch_request, make_delete_request, get_request_session, call an external api and retry, http request retry and backoff, the outside service says we are sending too many requests, we keep getting rate limited when calling a partner api, why does one failed call turn into six calls to the vendor, our integration hammers their server the moment it goes down, the call to the other system fails instantly instead of trying again, why does a temporary outage of the provider break my call right away, the gateway is down and we give up on the first try, the request comes back empty and my code treats it as an error, how do i tell an empty successful reply from a failed one, nothing came back from the outside call but there was no error, the error log fills up with the same outbound failure over and over, a call to another system throws and nobody catches it, outbound http	knowledge/api/outbound-http.md	-	-
rest-routes, v1 answers at both /api and /api/v1 while v2 names the path segment document instead of resource, /api/v2/resource matches no url rule and raises doesnotexisterror, API_URL_MAP, ApiVersion, get_api_version, handle, url_rules, document_list, create_doc, read_doc, update_doc, delete_doc, execute_doc_method, handle_rpc_call, get_request_form_data, copy_doc, run_doc_method, get_meta, count, PERMISSION_MAP, get_list, Not permitted, Cannot edit standard fields, frappe rest api endpoints, api v1 vs api v2, the api says the document does not exist but i can see it in the list, why do i get a not found for a record that is definitely there, the new api version returns nothing for a url that worked before, our integration only ever gets twenty rows back, the list endpoint stops at twenty records no matter what i ask for, how do i get more than the first page from the api, deleting a child row over the api leaves the parent wrong, removing a table line through the api does not update the parent total, the api rejects my update because i used the wrong request type, updating a record over the api fails but creating one works, how do i copy a record or get its field list over the api, the api lets someone read a record they should not see, rest routes	knowledge/api/rest-routes.md	-	-
webhook, a doc event appends to a request-local queue that flushes after commit, the worker makes three attempts and swallows the third failure, the webhook request log row is the only surviving evidence, get_all_webhooks, run_webhooks, _add_webhook_to_queue, flush_webhook_execution_queue, Webhook.validate, Webhook.on_update, validate_docevent, validate_secret, enqueue_webhook, log_request, get_webhook_headers, get_webhook_data, get_context, get_all_queues, WEBHOOK_SECRET_HEADER, webhook_docevent, request_method, request_structure, is_dynamic_url, enable_security, webhook_secret, timeout, background_jobs_queue, url, headers, response, data, user, reference_document, error, Document.run_method, Document.clear_cache, global_cache_keys, default_log_clearing_doctypes, Webhook Request Log, DocType must be Submittable for the selected Doc Event, Check Request URL, Same Field is entered more than once, webhook not firing, call an external service on document change, the webhook never fires when a new record is created, why does my outgoing notification only work on edits and not on new records, nothing is sent to the other system when a document is added, i turned the webhook off and it still keeps sending, the outgoing call keeps firing after i disabled it in the settings, why does the rule still run after i deleted it, no calls went out for the records the import created, the other system never heard about the rows a migration wrote, why did the bulk upload not trigger any outgoing messages, the receiving side says the signature does not match, our partner rejects our payload as untrusted even though the secret is right, the job finished fine but the other system never got the message, the outgoing call gives up after a few tries and nobody is told	knowledge/api/webhook.md	-	-
whatsapp, whatsapp exists in erpnext as two data fields on lead and opportunity and nothing else, the notification channel field offers no whatsapp option, sending a message is an outbound integration to build, Lead.whatsapp_no, get_lead_with_phone_number, whatsapp_no, Opportunity.whatsapp, Notification.channel, send_notification_by_channel, Lead, Opportunity, Notification, A Lead requires either a person, Lead Owner cannot be same as the Lead Email Address, send a whatsapp message from erpnext, whatsapp integration, there is no whatsapp option in the notification setup, why can i not pick whatsapp when setting up an alert, how do i send a whatsapp message to a customer from the system, i filled the whatsapp number field but no message ever goes out, the whatsapp field is there so why does nothing send, we want automatic whatsapp messages when a deal changes stage, adding whatsapp to the alert channel list does nothing, how do i connect a whatsapp provider to the system, is whatsapp messaging built in or do we have to build it, the alert goes out by email but never by whatsapp	knowledge/api/whatsapp.md	-	-
whitelisted-method, /api/method checks membership in the whitelist and the request verb and nothing else, an _api server script returns above even those two checks, handle, execute_cmd, run_server_script, is_valid_http_method, upload_file, handle_rpc_call, run_doc_method, whitelist, is_whitelisted, override_whitelisted_method, allowed_http_methods_for_whitelisted_func, only_for, get_server_script_map, get, getpage, is_permitted, Server Script, Page, Not permitted, expose a python method to the api, whitelist decorator, anyone who is logged in can call our custom endpoint, why can a normal user run a function that only managers should run, how do i limit who is allowed to call a custom endpoint, the endpoint returns data the user has no permission to see, our custom function skips the record permission checks, the code that answers the url is not the code i am looking at, i edited the function but the api still returns the old behaviour, a method marked for post only is being reached with a get, why does the request type restriction not apply from a background job, an anonymous visitor can open a page that should require login, someone not signed in can pull our page definition, how do i expose a python function safely to outside callers, whitelisted method	knowledge/api/whitelisted-method.md	-	-
app-over-framework, apps are merged in install order with frappe first, an app csv row for a string the framework already ships silently replaces the framework's own wording for every user of that string, get_translations_from_apps, get_translations_from_csv, get_translation_dict_from_file, get_translations_from_mo, get_installed_apps, get_all_apps, RateLimiter.reject, Cannot make dict for single fieldname, Either key or IP flag is required., You hit the rate limit because of too many requests. Please try after sometime., app translation overrides framework translation, translation merge order, installing an app changed the wording of a message everywhere else, a standard message suddenly reads differently after we added our app, why did the text of a built-in message change when i installed another app, the same sentence is translated two different ways in different screens, our translation of a shared message keeps getting overwritten, which app wins when two apps translate the same sentence, my translation stopped working after the upgrade and i never touched it, the wording i set is gone again after updating, why does my translated text revert after an update, changing the translation for one screen broke the wording on another screen, app over framework	knowledge/bench/app-over-framework.md	-	-
backup, a default backup dumps every table including __auth, deletes everything older than a day in the backup folder before it starts, carries neither the site config nor the key that decrypts what it holds, BackupGenerator, setup_backup_tables, set_backup_file_name, backup_encryption, get_recent_backup, backup_files, copy_site_config, take_dump, delete_temp_backups, get_or_generate_backup_encryption_key, get_backup_encryption_key, decrypt_backup, fetch_latest_backups, new_backup, scheduled_backup, base_tables, BACKUP_ENCRYPTION_CONFIG_KEY, get_command, restore, _restore, restore_backup, partial_restore, is_partial, extract_files, execute_in_shell, gzip not found in PATH! This is required to take a backup., what does bench backup include, restore a site backup, the dump file we shared has everyone's passwords in it, is it safe to hand a database dump to an outside developer, the backup includes tables i did not expect it to include, my exported file disappeared from the backup folder overnight, something deleted yesterday's backup and now there is nothing to restore, why do old files vanish from the backup directory on their own, nobody can log in after we restored the database, all the users lost their passwords after the restore, why are stored passwords unreadable on the restored copy, the file says it is encrypted but it opens as plain text, attachments are missing after restoring even though the records are there, the restore finished fine but half the system is empty	knowledge/bench/backup.md	-	-
bench-root, the bench root is derived from where the frappe package is imported from, three levels up, a second checkout on disk is only source and the root that answers is the one whose sites directory holds a site_config.json, get_bench_path, FRAPPE_BENCH_ROOT, get_bench_id, get_sites, get_site_path, sites_path, bench_id, site_config.json, common_site_config.json, __version__, apps, sites, env, where is frappe installed, which bench is live, two frappe checkouts, installed source path, frappe source location, which version am I reading, i edited the file and nothing changed on the running site, my change has no effect no matter how many times i restart, am i editing the copy the site actually uses, there are two copies of the same code on this machine, which folder is the live one and which one is just a leftover, how do i tell where the running code is actually installed, the function i read about does not behave the way the file says, the code i am reading does not match what the system does, why does the version on disk differ from the version the site reports, a script reads the wrong folder when i run it from somewhere else, bench root	knowledge/bench/bench-root.md	-	-
build, bench build reads each app's public/build.json, writes bundles into sites/assets/<app>/dist with sites/assets/assets.json as the map from source name to hashed output, links every app's public folder into sites/assets, compiles that app's translations, downloads frappe's prebuilt assets instead of building them unless --force, --apps or ci is set, bundle, download_frappe_assets, build_missing_files, get_assets_link, fetch_assets, setup_assets, generate_assets_map, make_asset_dirs, link_assets_dir, clear_broken_symlinks, symlink, check_node_executable, get_node_env, get_safe_max_old_space_size, compile_translations, get_build_json, get_build_json_path, get_apps_list, write_assets_json, assets.json, build.json, hard-link, save-metafiles, bench build produces, assets not updating, sites/assets, the page still shows the old file after i changed it, my style change never appears in the browser no matter what i do, why do my edits to the front end not show up on the site, the new image i added returns not found, a file i put in the public folder is not reachable from the browser, why can the site not see a file i just added to the app, the rebuild finished but nothing about the site changed, it says done but the framework itself was never rebuilt, why does rebuilding skip part of the system, the second rebuild fails with a timeout while another one is running, our app is ignored completely when everything is rebuilt, the translated labels never refresh until i do something else, the page shows the same old thing no matter what i change	knowledge/bench/build.md	-	-
case, frappetestcase.set_user restores the user the block was entered with rather than administrator, change_settings, patch_hooks and timeout are module-level in frappe.tests.utils rather than methods on the case, FrappeTestCase, FrappeTestCase.set_user, FrappeTestCase.switch_site, FrappeTestCase.freeze_time, FrappeTestCase.primary_connection, FrappeTestCase.secondary_connection, FrappeTestCase.assertQueryCount, FrappeTestCase.assertRedisCallCounts, FrappeTestCase.assertRowsRead, FrappeTestCase.assertQueryEqual, FrappeTestCase.assertDocumentEqual, FrappeTestCase.assertSequenceSubset, FrappeTestCase.normalize_html, FrappeTestCase.normalize_sql, FrappeTestCase.enable_safe_exec, MockedRequestTestCase, patch_hooks, timeout, ValidationError, MandatoryError, UpdateAfterSubmitError, LinkValidationError, NameError, Document._validate_mandatory, Document.validate_update_after_submit, Error: Document has been modified after you have opened it, frappe test case set_user, change_settings and patch_hooks in tests, a later test runs with full rights it should not have, my tests pass on their own but fail when run together, why does one test change who the next test runs as, the test still passes after i deleted the rule it was supposed to protect, the test proves nothing because it passes with the code removed, how do i make a failure test actually check my own rule, the helper i want to use cannot be found on the test class, importing the settings helper for a test fails, where do the test helpers for changing settings live, the clock i froze in the test is off by the time zone, the setup on my test class is silently skipped	knowledge/bench/case.md	-	-
config, a site's configuration is common_site_config.json merged under site_config.json, six keys rewritten from the process environment, extra_config merged last, neither json file is the final answer, get_site_config, get_common_site_config, init, conf, _update_config_file, update_site_config, get_site_config_path, filelock, Cannot make dict for single fieldname, site_config.json vs common_site_config.json, where does frappe read site configuration, the site keeps connecting to the wrong database even though the config file says otherwise, i changed the database host in the config and it still goes to the old one, why does the site ignore what i wrote in the site configuration file, i set a value from the command line but the background workers still use the old one, the setting only takes effect after i restart everything, why do some processes see the new setting and others keep the old one, i saved the word false as a setting and it came back as something else, the value i typed as a number is not stored as a number anymore, how do i remove a setting completely instead of leaving it empty, my check for a missing setting never fires even though i never set it, the configuration file is broken and nothing warns me it just quietly uses the old values	knowledge/bench/config.md	-	-
context, context is not a field in the loaded dict but part of the key, every source stores a contextual string under `source:context`, `_()` tries that key first and the bare source second, get_translation_dict_from_file, get_user_translations, get_translations_from_mo, Translation, Cannot make dict for single fieldname, translation context key, _() with context argument, the same word is translated on one screen but stays english on another, my translation shows up in one place and not the other and i cannot see why, why does one english word need two different translations in different screens, the translation file has the text but the page still shows english, i added the translation and nothing changed on the page, how do i give one english word two meanings in another language, adding a note beside a string made the translation stop working, my translation with a note only works on some buttons, why is the text translated only when i remove the extra note column, translating one word broke the other place the same word is used	knowledge/bench/context.md	-	-
csv, an app's translation csv is read into a plain dict in file order, the last row for a key wins, a row that is neither two nor three columns is written to the error log and skipped, get_translations_from_csv, get_translation_dict_from_file, read_csv_file, update_csv_from_po, csv_to_po, translation csv file format, app csv duplicate key, some rows in my translation file load and some just do not, why are half the lines in my translation file ignored, i added a line to the translation file and nothing happened on the site, a translation i wrote earlier got replaced by a later line with the same text, the same english text appears twice in my file and only one of them wins, the file is inside the app but the site loads no translations from it at all, where exactly do i put the translation file so it gets picked up, a broken line in my translation file is skipped without telling me, how do i put a line break inside a translated text, one translation keeps overwriting another and there is no error anywhere	knowledge/bench/csv.md	-	-
custom-docperm, one custom docperm row for a doctype replaces the entire shipped permissions block for every role on it, the first row is a copy of the native docperm rather than a blank one, a single reset click deletes them all, set_custom_permissions, add_permission, setup_custom_perms, copy_perms, reset_perms, update_permission_property, add, reset, update, sync_customizations_for_doctype, remove_app, Cannot set, There must be atleast one permission rule., Only allowed to export customizations in developer mode, customize doctype permissions without a patch, after i gave one role access everyone else lost theirs, granting a permission to a single role removed permissions from other roles, why did other roles lose access when i only added one role, roles that used to open this document cannot open it anymore and i changed nothing for them, i clicked reset on the permissions screen and everything we set up is gone, my permission setup disappears every time the site is updated, the access rules i seeded keep being added again after every update, how do i change who can see a document type without editing the original app, my code never deletes a permission but permissions keep vanishing, after removing the app its old access rules are still there, why does the permission screen show a much shorter list than before, custom docperm	knowledge/bench/custom-docperm.md	-	-
custom-json, a module's custom json carries four keys with four different write semantics, it is applied on every migrate only when sync_on_migrate is truthy, the exporter writes no file for a doctype customized by links alone, sync_customizations, sync_customizations_for_doctype, export_customizations, create_custom_fields, create_custom_field, get_existing_custom_fields, PropertySetter.autoname, PropertySetter.validate, delete_property_setter, db_insert, db_update, add_custom_links_and_actions, set_custom_permissions, Custom Field, Property Setter, Only allowed to export customizations in developer mode, Label is mandatory, Fieldname not set for Custom Field, module customize json, property setter and custom field file, i edited the customization file and nothing changed on the site after an update, why does my customization only apply on a fresh install and never again, my saved customizations are not applied when the site is updated, the connections tab is empty even though the file lists them, the related documents section shows nothing although i added them, why do my links never show up on the form, i exported the customizations and no file was written and no error appeared, the export said it worked but there is nothing on disk, importing the customization wiped a setting another team had made, a change someone else made on the same field was overwritten by my file, how do i ship a field change without losing what others changed on that field, custom json	knowledge/bench/custom-json.md	-	-
fixtures, a fixture is for a constant the app owns, it re-imports with force on every migrate, commits after each file, runs with in_import set so no field default is applied and no naming series advances, sync_fixtures, import_fixtures, import_custom_scripts, export_fixtures, import_doc, export_json, import_file_by_path, ignore_values, _set_defaults, queue_action, check_if_locked, unlock, DOCUMENT_LOCK_EXPIRY, set_new_name, getseries, FormMeta, load_workflow, Data Import, Scheduler is inactive. Cannot import data., Error: Document has been modified after you have opened it, Special Characters except, ship data with an app, fixtures export and import, the settings i changed on the site went back to the old values after the last update, why do my changes to that settings page keep getting overwritten every time we update, furious that every deploy wipes the values the customer set by hand, the sample records i deleted came back on their own, i removed the demo data and it reappeared after the next update how do i stop it, deleting those starter records does nothing they are back the next morning, the setup data loaded only halfway and there is no way to roll it back, half the records got created and then it crashed and the first half stayed, why did an error in the middle of loading leave the earlier records saved, records loaded from the app have empty fields that should have had a value, the imported records are missing values i never filled in but expected to default, i keep getting duplicate name errors on the first record i create by hand, the numbering restarted at one and collided with records that were shipped with the app, a form of that type refuses to open at all and fails the same way every single time, the second run failed saying the document is locked and i cannot get past it	knowledge/bench/fixtures.md	-	-
frontend-boundary, the desk is handed the whole merged dictionary in its boot payload while a portal page is handed none at all, the same `__()` call translates in the desk and returns english on the portal, get_messages_for_boot, send_translations, __messages, _messages, frappe._, get_all_messages_from_js_files, get_messages_from_include_files, extract_messages_from_javascript_code, get_messages_from_file, get_boot_data, portal string not translated, __() returns english on website page, the text is translated inside the admin screens but comes out english on the public page, why is my customer facing page still in english when the back office is translated, so annoyed that the same label translates in one place and not the other, the public website page ignores the language completely, i added the translation row and the public page still shows english, adding the translation did nothing for the portal page what am i missing, the string never made it into the translation file for extraction, some labels are picked up for translation and others are silently skipped, how do i get translated text onto a page outside the admin area, nothing in the browser tells me whether the translation is missing or was never sent, frontend boundary	knowledge/bench/frontend-boundary.md	-	-
gettext, a po file is compiled to an mo under sites/assets/locale only when the mo is missing or older than the po by mtime, an mo whose timestamp runs ahead of its po is never rewritten and no error says so, get_po_dir, get_po_path, get_pot_path, get_mo_path, get_locale_dir, compile_translations, _compile_translation, write_binary, get_translations_from_mo, generate_pot, update_po, new_po, migrate, build, po file to mo file, translation mo file not updating, i edited the translation file and the site still shows the old wording, why does the build say the translation is already up to date when i just changed it, raging that my translation edits never reach the running site, translations stopped updating after we restored a backup, after pulling the code again the translations froze at an older version, the new wording shows on my machine but not on the server, how do i force the translations to be rebuilt from scratch, no error appears but the translated text never changes, the language with a region code seems to be ignored entirely, a whole language file looks like it is not being read and nothing complains	knowledge/bench/gettext.md	-	-
hooks, every non-underscore value in an installed app's hooks.py is collected into one merged dict whatever its name, a key no reader function asks for is stored and never read and the misspelling raises nothing, _load_app_hooks, get_hooks, append_hook, _is_valid_hook, app_hooks, get_installed_apps, hooks.py, hook key list, which hook keys exist, hook not firing, hook key ignored, list of frappe hooks, custom hook key, developer_mode hooks cache, the code i registered never runs and nothing is logged, why is my handler never called even though it is declared, livid that a declared handler is silently ignored with no error, i misspelled the setting name and nothing warned me at all, how do i find the exact list of names i am allowed to declare, which entries in that config file actually do something, my setting is accepted but seems to have no effect anywhere, changes to the app configuration are not picked up until a restart, the old configuration keeps being used after i edited it, how do i check what all the installed apps together declare for one setting	knowledge/bench/hooks.md	-	-
install-app, the app is committed to installed_apps before a single one of its hooks has run and nothing wraps the sequence, the uninstall's only automatic cleanup is the doctypes carrying a link field to module def, install_app, add_to_installed_apps, post_install, remove_app, _delete_modules, _delete_doctypes, _get_module_linked_doctype_field_map, remove_from_installed_apps, add_module_defs, set_all_patches_as_completed, uninstall_app, bench install-app order of operations, install an app on a site, the app shows as installed but none of its data was created, the install crashed partway and now it refuses to install again saying it is already there, furious that a failed install left the site in a state i cannot repair or repeat, how do i recover a site where the app is listed but its setup never finished, roles and permissions from the app stayed behind after i removed it, why does uninstalling leave rows and grants all over the site, after removing the app there are leftover fields pointing at things that no longer exist, the removal reported success but clearly cleaned nothing up, i need the setup data to survive a failure where should i put it instead of the install step, a required companion app was missing and the install blew up, the install stopped without any message and nothing was created, install app	knowledge/bench/install-app.md	-	-
lazy, `_()` resolves against `local.lang` at call time, a module body freezes the english string at import, `_lt` is the only form that survives to render time, _lt, _LazyTranslate, Cannot make dict for single fieldname, _lt lazy translation, translated string frozen at import, the label is stuck in english no matter what language i pick, some text on the page never switches language for anyone, why is one button still english when everything around it is translated, i added the translation and it still shows the english word, the dropdown choices stay in english but the rest of the form translates, the default value of a field is never translated, comparing a translated value blows up with not implemented, sorting a list of translated labels crashes, checking if a translated string equals something raises an error, the text translates in one place and not in another with the same wording, nothing in the log explains why this one string never translates	knowledge/bench/lazy.md	-	-
lookup, a string wrapped in `_()` still shows in english when the extractor never saw it as a literal, when it did and the merged translation cache in redis was never told to forget the old value, arabic text not translated, arabic string not translated, text not translated, translation not showing, translation not working, wrapped in gettext and still english, _() does nothing, marked the string for translation and it still shows english, added an arabic translation and the ui still shows english, translated csv row exists but the page shows the source text, edited the po file and the site still shows the old text, why does the extractor skip this string, template literal never gets translated, f-string never gets translated, string built from concatenation never picked up for translation, frappe._messages, get_all_translations, merged_translations cache, TRANSLATE_PATTERN, is_translatable, translation only updates after a hard reload, translation only updates after bench build, user translation from desk works but csv edit does not, Translation doctype saves instantly but the csv file does not	knowledge/bench/lookup.md	-	-
merge, five sources are merged into one dict per language in a fixed order, country names are applied last and win every collision, the three highest sit inside one suppress(exception) that drops all of them together, get_all_translations, get_translations_from_apps, get_user_translations, get_parent_language, clear_cache, MERGED_TRANSLATION_KEY, USER_TRANSLATION_KEY, get_translated_countries, Translation, clear_user_translation_cache, how are translations merged, country names override translation, the country name will not translate no matter what i add, i translated the country and it keeps coming back in english, why does my translation for a country get ignored every time, suddenly the whole page is english again but some words still translate, translations disappeared for everything except the ones shipped with the app, why did all the custom translations stop working at once, i changed a translation and the site still shows the old one, how long until a new translation actually shows up on the site, the translation only appears after i restart or clear something, my dialect translations are being replaced by the main language ones, which translation wins when two of them define the same text	knowledge/bench/merge.md	-	-
migrate, three phases each wrapped in a commit-or-rollback decorator run patches, the schema, a fixed sync order that ends with the after_migrate hooks, none of it reaches a site being installed, SiteMigration, atomic, pre_schema_updates, run_schema_updates, post_schema_updates, run, setUp, tearDown, required_services_running, DBQueryProgressMonitor, sync_all, sync_for, remove_orphan_doctypes, run_all, PatchType, install_app, add_module_defs, set_all_patches_as_completed, filelock, bench migrate order of operations, what does migrate actually run, the setting is right on my machine but missing on the customer site, brand new sites are missing a record that all the old sites have, why does a fresh install skip the step that fixes this, the feature is left switched on for every newly created site, my fixture keeps getting overwritten by something else after an update, the field change i shipped is reverted every time we update, in what order do things actually happen when we update the site, the update fails instantly when i run it twice at the same time, running the update a second time says it cannot get a lock, the code that seeds data never runs on new installs, the update stops right at the start and exits with an error before doing anything	knowledge/bench/migrate.md	-	-
new-site, db_name is the name of the database, the mariadb user and the grantee at once, --force drops whatever already answers to it, a repeated new-site keeps the first run's site_config.json including its password, make_conf, make_site_config, get_conf_params, install_db, setup_database, get_root_connection, drop_user_and_database, bootstrap_database, DbManager.create_user, create_database, grant_all_privileges, delete_user, drop_database, flush_privileges, new_site, bench new-site database name, create a new site, creating a new site wiped out an existing database, i lost a whole site because i forced the creation of a new one, does creating a site with the same name destroy the old data, it refuses to create the site saying the database already exists, why does site creation stop and complain the name is taken, i retried creating the site and now it cannot log into the database, access denied for the database user after a failed site creation and retry, the second attempt at creating the site uses the wrong password, it never asked me for the root password when creating a site, the database password is sitting in a config file in plain text, i renamed the database in the config and everything broke, new site	knowledge/bench/new-site.md	-	-
patches, the handler wraps the patch body and its patch log row in one transaction, it stamps the patch on any normal return, a patch that swallowed every row failure is recorded as done and never runs again, run_all, run_single, execute_patch, update_patch_log, executed, PatchType, delete_doc, check_if_doc_is_linked, check_if_doc_is_dynamically_linked, check_permission_and_not_submitted, add_to_deleted_document, Standard DocType can not be deleted., This document can not be deleted right now as it, patches.txt format, write a data migration patch, the data fix says it completed but nothing actually changed, my one time data script is marked done and refuses to run again, why does it think the migration step already ran when the old rows are still there, half the records were converted and the rest were left behind, the data script ran twice and made a mess of the records, the same one time script keeps running on every update, it will not let me delete the record because something still links to it, deleting a document fails saying it cannot be deleted right now, how do i safely remove a record that other records point at, i forced the delete and now there are broken references everywhere, the deleted record is gone for good and there is no way to restore it	knowledge/bench/patches.md	-	-
property-setter, a property setter row is applied over the doctype's shipped json on every meta load, a property one covers can never change again from the app code, nothing announces the override, Property Setter, PropertySetter.autoname, PropertySetter.validate, make_property_setter, delete_property_setter, bulk_delete_property_setters, _delete_property_setters, Meta.apply_property_setters, Meta.process, Meta.add_custom_fields, Meta.add_custom_links_and_actions, cast, sbool, doctype_or_field, property_type, row_name, field_name, doc_type, is_system_generated, reset_customization, reset_to_defaults, reset_layout, CustomizeForm.make_property_setter, set_property_setters_for_doctype, set_property_setters_for_docfield, set_property_setter_for_field_order, update_order_property_setter, preserve_naming_series_options_in_property_setter, set_in_list_view_property, make_default, update_naming_series_property_setter, setup_properties, add_index, search_index, field_order, links_order, import_doc, delete_old_doc, Field type cannot be changed for, label change not showing, field still hidden after update, customization overrides app, my change to the doctype json does nothing, customize form, property setter, i changed the field in the code and the screen still shows the old label, why does my edit to the doctype file do nothing on the form, the field is still hidden even though i set it visible in the app, made a field required in code but it is still optional on the form, the dropdown still shows the old choices after i updated them, i deployed the change and ran the update and the form did not move at all, reset to defaults did not remove my customisations, how do i see every override someone made on one form, i turned a checkbox setting off and it behaves as if it is on, changing one field changed the same field on every other form too, the extra buttons and related links i added stopped appearing after an update, nothing warns me that a form was customised how do i tell, the button i added does not appear on the toolbar	knowledge/bench/property-setter.md	-	-
records, add_to_test_record_log writes the doctype into sites/<site>/.test_log on every branch and make_test_records_for_doctype returns early on anything already listed there, test records are built once per site and an edited test_records.json is never read again, make_test_objects forces the _t- test naming series onto any doctype that merely carries a naming_series field, a test record name is site counter state and an explicit name key in test_records.json only answers the duplicate check, make_test_records, make_test_records_for_doctype, make_test_objects, get_dependencies, get_modules, add_to_test_record_log, get_test_record_log, print_mandatory_fields, get_test_records, Document.insert, Document.set_new_name, get_all_children, BaseDocument.db_insert, BaseDocument._validate_selects, set_new_name, NamingSeries, revert_series_if_last, get_default_naming_series, delete_doc, check_permission_and_not_submitted, check_if_doc_is_linked, app_group, Cannot make dict for single fieldname, Error: Document has been modified after you have opened it, Please check the value of, test records not loading, test record name, _T- prefix, test record ignores my autoname, explicit name in test_records.json, d.meta.get_field, flags.name_set, set_name_from_naming_options, frappe.db.exists, i edited the sample data file and the tests still use the old values, why are my test rows not rebuilt after i changed them, the test data file is being ignored completely, the created rows have a weird underscore prefix in their names instead of my numbering, i set the name myself in the sample data and it came out totally different, how do i rebuild the sample rows for just one form without redoing everything, deleting the sample rows fails saying it is linked somewhere, the run says it finished fine but no sample rows were actually created, my test asserts a fixed row name and it breaks on a different machine, child rows are duplicated every time the sample data loads, the whole batch of sample data dies on one bad link value, why does the numbering keep jumping after i delete rows and rebuild	knowledge/bench/records.md	-	-
restore, bench restore reads the one sql file it was given and nothing beside it, takes the two file archives only as paths passed to --with-public-files and --with-private-files, exits 1 without touching the site when any of those three paths cannot be found, _restore, restore_backup, partial_restore, get_bench_relative_path, extract_files, is_partial, is_downgrade, validate_database_sql, _new_site, filelock, decrypt_backup, get_or_generate_backup_encryption_key, with-public-files, with-private-files, encryption-key, File {0} not found., Failed to detect type of backup file, Decryption failed. Please provide a valid key and try again., Partial Backup file detected. You cannot use a partial file to restore a Frappe site., Table `__Auth` not found in file., Invalid path, bench restore files, restore site from backup, the restore says it cannot find the file even though it is right there, why did my attachments not come back after restoring, restoring wiped the site data and then failed halfway, how do i bring back the uploaded files along with the database, it asks for a key and then says decryption failed, restore refuses saying the file is only part of a backup, it keeps asking me to confirm going back to an older version, restore finished but the site is missing half its features, two restores at once and the second one just died, i pointed it at the wrong archive and now the database is gone, does restoring bring back the site settings file too, the restore crashed and i do not know if the old data is still there	knowledge/bench/restore.md	-	-
rollback, frappetestcase.setupclass queues _rollback_db with addclasscleanup, the rollback runs after the last test in the class and every row one test writes is still visible to the tests that follow it, FrappeTestCase.setUpClass, _rollback_db, _restore_thread_locals, _commit_watcher, FrappeTestCase.SHOW_TRANSACTION_COMMIT_WARNINGS, Database.rollback, Database.commit, Database.before_commit, LogSettings.clear_logs, LogSettings.register_doctype, Log Settings, `as_iterator` only works with `as_list=True` or `as_dict=True`, test rollback after class, frappe test transaction rollback, rows from one test are still there when the next test runs, why is my test failing on a duplicate that another test created, the second test in the file blows up on an existing record, i expected an empty table at the start of each test and it is not empty, test data is leaking between tests in the same file, my test left rows behind in the real database, how do i find what is saving data in the middle of my test, cleanup only seems to happen at the very end instead of after each test, calling that cleanup routine wipes out my test rows too, the error names a duplicate but my test is about something else entirely, running the tests polluted a shared environment with junk rows, how do i know if something under test is writing permanently	knowledge/bench/rollback.md	-	-
runner, run_tests calls sys.exit only inside `if os.environ.get("ci")`, a failing suite ends the process at 0 and anything reading the exit code records a red run as green, main, run_all_tests, run_tests_for_doctype, run_tests_for_module, _run_unittest, _add_test, get_modules, ParallelTestRunner, ParallelTestRunner.before_test_setup, get_all_tests, run_tests, run_parallel_tests, app_group, before_tests, get_hooks, _load_app_hooks, sync_for, get_doc_files, run_all, get_server_messages, application, Cannot make dict for single fieldname, Invalid request arguments, bench run-tests exit code, run_tests sys.exit CI, the tests failed on screen but the pipeline says everything passed, why does a failing test run still report success, my automation never catches a broken test, i added a second test file next to the form and it never runs, it says the module cannot be found when i target one form, how do i make sure the whole app is actually being tested, the setup routine i wrote never runs before the tests, the tests create a company in dollars and the wrong country, one test errors about a missing warehouse type on a fresh site, the parallel run skips the preparation step my tests need, i removed test files before deploying and things broke, how do i get a real failure signal out of the test command	knowledge/bench/runner.md	-	-
seeds, a seeder is the only correct mechanism for a value that differs per site, the framework already declares a hook for some of the record classes apps most often hand-roll one for, before_install, add_standard_navbar_items, standard_navbar_items, standard_help_items, NavbarSettings.validate_standard_navbar_items, execute, after_install, setup_demo_data, clear_demo_data, Navbar Settings, Please hide the standard navbar items instead of deleting them, seed data per site, site specific default record, i cannot delete the extra menu entry it keeps telling me to hide it instead, why does it refuse to let me remove an item from the top right menu, the menu entries came back after i deleted them, my new site is missing the default rows the other site has, the record i created in code has empty columns that should have had values, fields are blank even though the doctype says they have a default, why is a dropdown field saved as nothing when i never set it, the sample data reappears every time i run the update, i wiped the demo records and they came back on their own, how do i create starting records that are different on each site, the same value has to be different per customer where do i put it	knowledge/bench/seeds.md	-	-
setup, every bench setup generator rewrites common_site_config.json as a side effect, three of its writers default their target to the current working directory instead of the bench they were handed, setup_config, default_config, get_config, put_config, update_config, update_config_for_frappe, make_ports, get_gunicorn_workers, generate_supervisor_config, sync_socketio_port, can_enable_multi_queue_consumption, make_nginx_conf, prepare_sites, get_bench_name, get_limit_conn_shared_memory, update_site_config, sync_domains, get_domains, bench setup commands, regenerate common_site_config, the settings i put in the config file got wiped after i ran the setup command, why do my hand written config values keep reverting to the defaults, how do i make a config value survive regenerating the config, i edited the web server config by hand and the change disappeared, my changes to the generated server file are gone after a deploy, where am i supposed to change the port because editing the generated file does nothing, the command ran fine but it changed the wrong bench, i pointed it at another folder and it wrote into the one i was standing in, turning on request throttling broke the config generation with a hashing error, the number of workers is wrong on the server it looks like my laptop cpu count, the two generated files differ every run even when nothing changed, restarting behaviour changed by itself after i regenerated the process config	knowledge/bench/setup.md	-	-
site-commands, a command written for one site takes the first entry of the expanded --site all list and touches no other, bench console registers a rollback at exit so an uncommitted mutation is discarded after it appeared to succeed, get_site, pass_context, console, _console_cleanup, store_logs, get_app_groups, main, run a bench command on every site, bench --site all, i ran it for all sites and only the first one changed, why did the command exit successfully but only touch one site, how do i actually run something on every site instead of just one, my change vanished after i left the interactive shell, i saved the document in the shell and nothing was saved in the database, the value looked right in the shell and is still the old one in the browser, why does everything i do in the interactive shell get thrown away, the fix i applied by hand is missing on a site restored from a backup, new sites do not have the change i applied manually, what is the right way to apply a data change so every site gets it forever, no error appeared but most of my sites were skipped, site commands	knowledge/bench/site-commands.md	-	-
standard-json, a record shipped as module json is imported only when its folder name is one of the nineteen importable_doctypes entries, once a site has touched the record the skip condition keeps the file out forever, sync_all, sync_for, get_doc_files, IMPORTABLE_DOCTYPES, remove_orphan_doctypes, import_file_by_path, import_doc, ignore_values, calculate_hash, sync_dashboards, make_records_in_module, make_records, export_doc, export_to_files, Only allowed to export customizations in developer mode, ship a doctype record as json, importable doctypes list, my json file is never picked up on the site and nothing complains, why is the record in the folder not being created when i update, the export wrote the file fine but nothing imports it, i changed the shipped file and the site still has the old version, an updated record does not reach sites where someone opened it, why does my edit only land on brand new sites, the chart i shipped never updates on existing installs, i turned a shipped item back on in the file and it stays off on the site, the disabled flag will not go back to enabled no matter what i ship, how do i push a change to a record customers may have edited, one field on the record updated and another one did not in the same run, the approval flow i exported is not showing up on other sites, standard json	knowledge/bench/standard-json.md	-	-
tree, an app is a python package one level below its repository, every doctype is a directory of six files named after itself, app_name, doc_events, scheduler_events, Item, TestItem, get_doc_path, scrub, Valuation Rate is mandatory if Opening Stock entered, Fixed Asset Item must be a non-stock item., Asset Category is mandatory for Fixed Asset item, app structure, directory layout, the framework says my record type does not exist even though the files are there, why is my new record type not found after i created the folder, i renamed the folder and now nothing loads, the python file is not being imported and the type shows as missing, my hooks file is being ignored completely, the event handlers i registered never fire, where exactly is the code file for a given record type supposed to live, how do i name the folder for a record type with spaces in the name, i added a new group of record types and none of them appear, the test file is not picked up by the test runner, should the readme sit next to the code folder or inside it	knowledge/bench/tree.md	-	-
app-page, make_app_page hands back a page head whose every action element already exists and starts hidden, nothing on it is cleared by a route change, the duplicate-label check on menu items never matches, a toolbar rebuilt on refresh grows one more copy of itself on every visit, frappe.ui.make_app_page, frappe.ui.Page, frappe.ui.pages, Page.make, add_main_section, setup_page, setup_sidebar_toggle, update_sidebar_icon, set_indicator, clear_indicator, set_action, set_primary_action, set_secondary_action, clear_action_of, clear_actions, clear_custom_actions, add_menu_item, add_custom_menu_item, add_dropdown_item, is_in_group_button_dropdown, clear_menu, clear_user_actions, add_action_item, add_actions_menu_item, show_actions_menu, add_inner_button, remove_inner_button, change_inner_button_type, get_or_add_inner_group_button, clear_inner_toolbar, add_button, add_custom_button_group, add_action_icon, add_help_button, set_title, set_title_sub, get_title_area, add_field, get_form_values, add_view, set_view, single_column, card_layout, make_page, required_libs, disable_sidebar_toggle, set_document_title, on_page_load, on_page_show, trigger_page_event, change_to, add_page, route_titles, ui/page.html, the object make_app_page returns, wrapper.page, page head, page toolbar buttons, duplicate menu items on a page head, primary action not showing, actions button hidden, inner toolbar button, every time i go back to the page the buttons are doubled, the same menu item keeps getting added over and over, why do my toolbar buttons multiply each time i visit the page?, my check for whether the button is already there always says yes, the code thinks the button exists but nothing is on screen, why does it say the action is already added when i cannot see it?, leftover buttons from the previous screen stay on the new one, the old title and status light are still showing after i moved to another screen, how do i clear the buttons when leaving a custom screen?, i added a main button and it never appears, app page	knowledge/desk/app-page.md	-	-
branding, the desk title comes from website settings app_name before system settings app_name and falls back to the literal "frappe", the favicon falls back to the framework svg in the template as well as in the context, app_name, app_title, app_logo_url, app_publisher, app_description, favicon, splash_image, brand_html, banner_html, banner_image, footer_logo, footer_powered, copyright, title_prefix, website_context, get_website_settings, get_boot, build_version, desk_theme, layout_direction, app.html, base.html, frappe-favicon.svg, frappe-framework-logo.svg, attach_files:, change the frappe logo, rename the desk title, white label frappe, i changed the app name but the browser tab still says frappe, renaming the app did nothing it still shows the default name, where do i set the name that shows in the browser tab?, the icon in the tab is still the default one after i uploaded mine, my uploaded icon never shows up in the tab, why does the old tab icon keep coming back?, the logo changed on the public site but not inside the app, i set the logo in one place and the other side still shows the old one, the new logo only appears after i clear the browser, clearing a branding field brought back the default instead of leaving it blank, the loading screen still shows the old image	knowledge/desk/branding.md	-	-
client-script, every enabled client script for a doctype is concatenated into one __custom_js or __custom_list_js string by creation order and run through new function, a doctype layout drops __custom_js entirely, ClientScript, on_update, on_trash, dt, view, enabled, script, set_only_once, FormMeta.add_custom_script, FormMeta.add_code, add_code_via_hook, __custom_js, __custom_list_js, __js, __list_js, doctype_js, doctype_list_js, ScriptManager, get_event_handler_list, frappe.ui.form.on, frappe.ui.form.off, frappe.ui.form.trigger, cscript, doctype_layout, Error in Client Script, client script not running, form script vs list script, frappe.ui.form.on refresh, one custom script broke and now none of my scripts run, all my scripts on that record type stopped working after i added a new one, why would adding a script stop the older scripts from running?, my script works on the form but does nothing on the list, the script used to run on this form and now it is ignored, custom code silently does nothing on one form only, i changed which record type the script belongs to and it did not move, my new handler does not replace the old one both of them run, the form comes up completely blank and there is only an error in the console, i edited the script directly in the database and the old version keeps running, changes to the script only show up after a restart, why does my script run twice on every save?, client script	knowledge/desk/client-script.md	-	-
dashboard-chart, a custom chart is served by a dashboard chart source pair of files in a module folder, every chart answer is stored under one shared key chart-data:<name> that ignores the user and the filters, DashboardChart, cache_source, generate_and_cache_results, chart-data, no_cache, refresh, last_synced_on, chart_type, Custom, source, DashboardChartSource, get_config, source_name, timeseries, frappe.dashboards.chart_sources, get_permission_query_conditions, has_permission, check_required_field, check_document_type, validate_custom_options, get_group_by_chart_config, get_heatmap_chart_config, Cannot edit Standard charts, Invalid Filter Value, You cannot create a dashboard chart from single DocTypes, dashboard chart stale, custom dashboard chart source, get_settings, get_filters_for_chart_type, frappe.dom.eval, export_to_files, IMPORTABLE_DOCTYPES, add_fetch, xIsSeries, chart source js not loading, dashboard chart source file, chart filters custom source, the chart shows the same numbers no matter which filter i pick, two users see identical chart numbers even though their data is different, why does changing the date range not change the chart?, the chart numbers are old and never update, the chart still shows yesterday's totals, how do i force the chart to recalculate?, the chart is visible to me as admin but nobody else can see it, regular users get an empty dashboard while mine looks fine, my own chart throws an error instead of drawing anything, the chart has no filter controls of its own, it tells me i cannot edit this chart, the timestamp says it synced but the numbers did not move, dashboard chart	knowledge/desk/dashboard-chart.md	-	-
form-tour, one doctype holds two unrelated products, a ui_tour fires on a route stored in page_route that only the browser ever computes, a plain form tour walks the fields of one form and stores no progress at all, Form Tour, Form Tour Step, ui_tour, page_route, get_onboarding_ui_tours, init_onboarding_tour, OnboardingTour, FormTour.init, update_user_status, reset_tour, onboarding_status, track_steps, save_on_complete, first_document, include_name_field, new_document_form, element_selector, parent_element_selector, next_step_condition, next_form_tour, hide_buttons, next_on_click, popover_element, modal_trigger, frappe.Driver, tour not starting, tour shows on wrong page, reset tour for all users, the walkthrough pops up on the wrong screen, after importing the tour it opens on the old page, why does my guided tour trigger where it should not?, the tour never starts and there is no error anywhere, nothing happens when the walkthrough is supposed to begin, my guided tour is skipped entirely on the dashboard, half the steps of my walkthrough are missing, the tour only showed once and i cannot get it back, how do i make the walkthrough show again for everyone?, the walkthrough starts from step one again instead of where i left off, users who should not see the walkthrough are getting it, one bad walkthrough row breaks login for every user, form tour	knowledge/desk/form-tour.md	-	-
formatters, frappe.format returns a right-aligned div around float, int, percent and currency, the caller gets markup rather than a number unless it passes inline, frappe.form.formatters._right, Float, Int, Percent, Currency, frappe.get_format_helper, frappe.form.formatters._apply_custom_formatter, frappe.form.link_formatters, frappe.format output, currency and percent formatting in list view, why is my number showing html tags on the page, the amount column prints a div instead of the value, i formatted a number and got angle brackets on screen, how do i get just the plain formatted number without any wrapper, the total is printed with markup around it in my custom page, my custom template shows raw tags where the price should be, why does the formatted value break my layout, the number jumps to the right side and pushes my layout around, amount is right aligned in my own template and i never asked for that, how do i stop the formatted currency from being wrapped in a block, percent value renders as a chunk of text with tags in it	knowledge/desk/formatters.md	-	-
hiding-a-doctype, a doctype has no root hidden key, hiding one is a docperm question, read_only removes the doctype from can_search where no link restores it, hide_toolbar, read_only, in_create, show_name_in_global_search, index_web_pages_for_search, hidden, UserPermissions.build_permissions, UserPermissions.load_user, can_search, can_read, can_write, get_search_in_list, get_doctypes, meta.get("hidden"), Doctype, Docfield, Auto Email Report, Invalid Output Format, Please set filters value in Report Filter table., hide a doctype from the desk, doctype not showing in search, i set it to hidden but the form still shows up everywhere, why did marking it hidden do absolutely nothing, how do i hide a form from users without deleting it, the flag i added changed nothing and there was no error, i migrated and the hidden setting had no effect at all, after making it read only nobody can find it in the search bar anymore, the form vanished from the top search box and i cannot get it back, why did locking a form also remove it from search, how do i remove the new button but still let people edit records, users can still create records even though i hid the new option, i added a shortcut but the locked form still does not come up in search, the log we hardened is now unreachable for the operators, hiding a doctype	knowledge/desk/hiding-a-doctype.md	-	-
list-view, the list slices its columns to the total_fields on the list view settings row for the doctype, with that field empty it slices to 4, 10 by the browser window width, ListViewSettings, total_fields, fields, disable_count, disable_comment_count, disable_sidebar_stats, disable_auto_refresh, disable_automatic_recency_filters, allow_edit, save_listview_settings, set_listview_fields, set_in_list_view_property, get_default_listview_fields, get_list_settings, set_list_settings, get_list_view_settings, setup_columns, reorder_listview_fields, in_list_view, Property Setter, title_field, hide_name_column, status_field, list view columns missing, too few columns in list, the list shows fewer columns on my laptop than on the office screen, why do two people see a different number of columns in the same list, i ticked a field to show in the list and it never appears, my new column shows up for me but not for a colleague, how do i force the list to always show the same columns everywhere, the fourth column i added is simply not there on a small screen, the list keeps reloading by itself every few seconds, how do i turn off the record count above the list, the list is slow because it counts everything on every open, i changed the column order and it snapped back for the first two, why can i not bulk edit these records from the list, the list only shows recent records and hides the older ones, list view	knowledge/desk/list-view.md	-	-
module-onboarding, onboarding progress is stored on the shipped records themselves, the first user who finishes a step retires that onboarding for the whole site, a migrate that carries a newer json brings it back, Module Onboarding, ModuleOnboarding.check_completion, ModuleOnboarding.mark_as_completed, ModuleOnboarding.get_allowed_roles, ModuleOnboarding.get_steps, reset_progress, reset_onboarding, before_export, get_onboarding_doc, get_onboardings, enable_onboarding, allow_roles, onboarding_list, Onboarding Step Map, onboarding widget not showing, onboarding disappeared, dismissed-onboarding, Let's Get Started, onboarding block workspace, IMPORTABLE_DOCTYPES, the getting started checklist never appears on the page, why is the setup checklist missing for everyone, how do i bring back the getting started steps, one person clicked through the steps and now nobody else sees them, the checklist disappeared for the whole company after a colleague finished it, the steps came back after an update even though we had finished them, why did our completed setup steps reset themselves, the checklist is gone on my machine but my colleague still sees it, it vanished for a day and then came back on its own, only some users can see the setup steps and others cannot, i marked the steps done but the database still says not finished, how do i reset the getting started steps for the site, module onboarding	knowledge/desk/module-onboarding.md	-	-
navbar, navbar settings refuses to save when the count of standard rows drops, only the settings dropdown evaluates a row's condition while the help dropdown reads hidden alone, NavbarSettings, validate_standard_navbar_items, get_app_logo, get_navbar_settings, NavbarItem, help_dropdown, settings_dropdown, announcement_widget, app_logo, is_standard, hidden, item_label, item_type, route, action, condition, navbar.html, toolbar.js, dismissed_announcement_widget, Please hide the standard navbar items instead of deleting them, hide navbar item frappe, remove help menu item desk, it refuses to save when i delete a menu entry from the top bar, why can i not remove an item from the top menu, how do i take an entry out of the help menu, i changed the top menu and nothing changed on screen, the menu change only appears after i reload everything, my rule to show a menu entry only to managers is ignored in the help menu, the entry shows for everyone even though i wrote a condition for it, my menu entry renders as a plain line instead of a clickable item, clicking my custom top bar item does nothing, the wrong logo appears at the top left after installing another app, we installed a third app and the logo went back to the old one, the banner at the top is gone for me but colleagues still see it	knowledge/desk/navbar.md	-	-
number-card, a custom number card is permitted by read access to its document_type while its number comes from its method, the field that grants the card is not the field that produces it and validate never requires it, NumberCard, has_permission, get_permission_query_conditions, get_result, get_percentage_difference, calculate_previous_result, create_number_card, create_report_number_card, add_card_to_dashboard, get_cards_for_user, get_doctypes_with_read, get_allowed_report_names, get_modules_from_all_apps_for_user, method, type, document_type, parent_document_type, function, aggregate_function_based_on, is_public, is_standard, show_percentage_stats, stats_time_interval, Method is required to create a number card, Document Type and Function are required to create a number card, number card not visible, custom number card permission, the card only shows up for me and nobody else can see it, why can other users not see the dashboard card i made, i built a card and it is invisible to the whole team this is maddening, two people see different numbers on the same dashboard card, why does the same tile show a different total for each user, the card i created does not appear in the list when i add one to a dashboard, the percentage change under the number never shows up, no change since last week is displayed on my tile, how do i control who is allowed to see a dashboard tile, a user who should not have access can still read the numbers on my card, the card saved with no complaint and then broke for everyone else, number card	knowledge/desk/number-card.md	-	-
onboarding-step, a step is completed by the browser announcing it rather than by the framework observing the work, update_onboarding_step is whitelisted with no role check and no field allowlist, Onboarding Step, update_onboarding_step, get_onboarding_steps, is_complete, is_skipped, value_to_validate, validate_action, show_full_form, show_form_tour, reference_document, action_label, intro_video_url, callback_message, Create Entry, Update Settings, Show Form Tour, View Report, Go to Page, Watch Video, mark_complete, skip_step, activate_next_step, get_first_document, onboarding step not completing, Looks like you didn't change the value, the setup step never marks itself as done, why does my onboarding step stay unfinished after i did the work, the step got ticked off even though i did nothing, the checklist marks itself complete the second i click that is useless, any user can mark the whole setup checklist as finished, how do i make a setup step complete only when the value is really changed, it says i did not change the value but i did, the guided walkthrough does not start on that step, skipping a step counts it as done, the step will not complete until i submit the document, the setup steps are walked in the wrong order, how do i reset a setup step that is already ticked, onboarding step	knowledge/desk/onboarding-step.md	-	-
page-cache, with_page serves a desk page out of localstorage under `_page:<name>` before it asks the server, a deployed change to `<page>.js` or `<page>.css` keeps rendering the old asset in a browser that already visited, the page record's own `modified` is what the eviction walk compares, frappe.views.pageview.with_page, with_page, _page:, localStorage, frappe.model.sync, frappe.boot.developer_mode, developer_mode, frappe.desk.desk_page.getpage, getpage, _dynamic_page, frappe.assets.check, clear_local_storage, init_local_storage, _last_load, _version_number, metadata_version, is_reload, page_info, sync_pages, check_metadata_cache_status, Clear Cache, Cleared App Cache., localStorage cleared, desk page script not updating, old javascript still running frappe, hard refresh does not update desk page, page shows old code after deploy, why is my page js cached, the page still shows the old code after i deployed, my changes to the page script are not showing up in the browser, why does the page keep running last week's script, i shipped a fix and users still get the old behaviour refreshing does nothing, it works on my machine but not for anyone else, clearing the browser cache did not help the old page is still there, how do i force everyone's browser to pick up a new page script, the page is correct in a private window and wrong in my normal one, the styling change on the page is ignored until i clear the cache from the menu, one user sees the new page and another still sees the old one, page cache	knowledge/desk/page-cache.md	-	-
page-form, the filter strip a page builds with add_field is a bootstrap row and every control in it is given col-md-2, a page that relocates or restyles that strip inherits grid geometry it never asked for, clear_fields empties the markup while leaving every control registered, page_form, page-form row, add_field, add_select, add_data, add_date, add_break, clear_fields, show_form, hide_form, get_form_values, fields_dict, col-md-2, input-xs, only_input, col-md-offset-4, page-control-label, make_control, desk page filter bar, page filter strip, filters at the top of a desk page, move the filter form on a desk page, restyle the page filters, filters are one sixth of the width, controls squashed on a page, negative margin on the filter row, stale filter value after clearing the form, the filter boxes at the top of my page are far too narrow, why are the search boxes on my page squashed into a sixth of the width, the row of filters sticks out past the edges of the page, my filter bar has extra space on both sides that i cannot remove, how do i move the filters somewhere else on the page, the tick box filter sits lower than the boxes next to it, one control is misaligned with the rest of the filter row, the seventh filter drops onto a new line on its own, i cleared the filters but the old values still come back when i read them, the filter inputs stop responding to clicks after the page redraws, the field name shows inside the box and again when i hover over it, page form	knowledge/desk/page-form.md	-	-
page-js-hook, the page_js hook appends a second script from any installed app onto a desk page it does not own, read from disk and concatenated after the page's own script, the entry only reaches a running site after the process is restarted because clearing the cache recomputes the hook table from a module python has already imported, page_js, get_code_files_via_hooks, get_js, get_hooks, _load_app_hooks, app_hooks, global_cache_keys, clear_global_cache, hooks.py, read_file, get_app_path, add javascript to a page from another app, extend a desk page you do not own, second script on a desk page, customise a standard desk page, hook not taking effect, hooks.py change does nothing, clear-cache did not pick up a hook, restart after editing hooks, i added extra javascript for a page from my own app and nothing happens, my change to the app configuration file does nothing until i restart, why does clearing the cache not pick up my new setting, the extra script for the page is just ignored with no error anywhere, it works on the development site but not on the live one, how do i add my own javascript to a page another app owns, the file i pointed at is never loaded and there is no message at all, my added script runs but it cannot replace what the page already did, two apps add code to the same page which one wins, the customisation only appeared after we restarted the server, page js hook	knowledge/desk/page-js-hook.md	-	-
page-width, a desk page's own body element carries the bootstrap class container, it is centred and capped at 1290px by the page's own markup rather than by anything above it, the only opt-out the page controls is the class full-width on that same element, page-body, page-container, container page-body, full-width, $container-max-widths, container-max-widths, 1290px, page.container, toggle_full_width, set_fullwidth_if_enabled, container_fullwidth, navbar-toggle-full-width, media-breakpoint-up, main-section, desk page looks narrow, desk page is centred with white space either side, make a desk page full bleed, page does not fill the screen, page width cap, widen a desk page, why is my page not using the whole screen, my screen is huge but the content sits in a skinny column in the middle, there is a big empty margin on both sides of the page and i cannot get rid of it, why does my page stop growing after a certain width, the content refuses to stretch on a wide monitor, how do i let a screen use the entire window instead of a narrow strip, i widened the wrapper above it and nothing changed at all, the title bar stayed narrow while the content underneath went wide, the header and the body no longer line up after i widened one of them, the same screen looks wide on my machine and narrow on my colleague's, one user sees the full screen and another sees it squeezed same version, why does the layout change when i log in on a different browser, how do i stop the layout from being centred and capped, page width	knowledge/desk/page-width.md	-	-
page, a desk page serves the .js and .css sitting beside its module file with no hooks entry and no build, its style is appended to head and never removed, Page DocType, Page.load_assets, desk_page.get, desk_page.getpage, render_include, safe_decode, Page.is_permitted, frappe.dom.set_style, pageview set_style, Page Has Role, page roles, Not in Developer Mode, Only Administrator can edit, desk page js and css files, page js file beside the page record, desk page stylesheet leaks into other screens, who can open a desk page, get_module_path, get_module_app, modules.txt, module folder, where does a desk page live on disk, where is my page on the server, page folder path, path to a desk page in an app, find the page directory, No such file or directory when copying a page, i changed the script for this screen and the browser still runs the old one, i copied the files to the server and the screen behaves as if nothing shipped, where on the server do the files for this screen actually live, the folder i expected is not there and the copy failed with no such file, i moved this screen to another module and it stopped loading its script, my styling for one screen is bleeding into every other screen in the app, after i visit that screen once the rest of the app looks wrong until i reload, why do my styles stay active after i navigate away, i shipped the script but forgot the stylesheet and nobody warned me, the deploy said success but one of the two files never arrived, a user with no roles at all can open this screen how do i lock it down, an anonymous visitor reached an internal screen is that expected	knowledge/desk/page.md	-	-
print-format, a print format's body is read from the module's html file before the record's own fields, a print format written for a report is compiled in the browser by frappe.template.compile rather than by jinja on the server, get_print_format, get_rendered_template, validate, before_save, get_report_print_format, frappe.template.compile, get_query, Not allowed to print draft documents, Not allowed to print cancelled documents, print format html source, print format compiled for report, i keep editing the layout in the editor and the printout never changes, my edits to the printed page are silently ignored nothing errors, why does printing show an old layout that i cannot find anywhere, it says no template found but the file is clearly there, the layout i built for a report comes out blank or throws in the browser, the same tags that work on a document printout do nothing on a report printout, how do i pull extra data from the database into a report printout, it will not let me save changes and complains the layout is standard, why can i edit one printout but not another, the printout picked a module i never chose and now looks in the wrong app, my filters and helpers stopped working when i print a report instead of a document, print format	knowledge/desk/print-format.md	-	-
print-permission, the print permission is consulted only after read passes, it refuses nobody who can already read the document, print settings is what refuses a print by docstatus, validate_print_permission, validate_key, get_rendered_template, false_if_not_shared, Not allowed to print draft documents, Not allowed to print cancelled documents, print permission vs read permission, print settings restrict print, i unchecked print on every role and people can still print, removing print rights changed absolutely nothing, how do i actually stop someone from printing a document they can open, why is my print restriction ignored while the read restriction works, someone printed a document without logging in how, a person opened a printout from a link even though they have no access, i want to block printing of drafts until they are approved, how do i prevent printing a cancelled document, a shared document can be printed by whoever it was shared with is that normal, the print rule i wrote looks correct but has no effect in practice, printing works for a user who should not be able to print at all, print permission	knowledge/desk/print-permission.md	-	-
print-style, a print style is one css blob appended after the standard print sheet for the whole site, its disabled flag stops nothing, the same blob is injected into the desk document head at boot so an unscoped selector restyles the app, Print Style, get_print_style, get_font, load_print_css, print_css, boot.print_css, for_legacy, PrintStyle, export_module_json, print_style_name, standard, disabled, preview, print_style, get_html_and_style, read_options_from_html, get_print_format_styles, prepare_header_footer, PrintFormatGenerator, build_context, IMPORTABLE_DOCTYPES, ignore_values, Standard Print Style cannot be changed. Please duplicate to edit., Classic, Modern, Monochrome, Redesign, print style css not applied, custom css for print format, my print css leaked into the desk, change print font frappe, print style vs print format css, my printing css wrecked the look of the whole application, after i saved a style lists and forms across the app changed font and spacing, why does styling meant for printouts affect the screens too, i turned the style off and it is still being applied everywhere, disabling it did nothing it still shows up on printouts, the web font i pointed at never loads on the printed page, how do i change the font used when printing, margins and page size are respected in the pdf but not in the preview, the preview and the downloaded file do not look the same, there is no way to pick a different look in the print preview screen, my css changes were wiped after an upgrade and the old version came back, how do i make my styling survive a migration, print style	knowledge/desk/print-style.md	-	-
render-include, the include directive is matched by one regex that allows exactly one whitespace character on each side of the quoted path and nothing between the quote and the path, the path is slugified before the file is opened, a capital letter or a hyphen in a filename resolves to a name that does not exist, render_include, INCLUDE_DIRECTIVE_PATTERN, InvalidIncludePath, Invalid include path, Security Error: The Path provided is not safe., get_app_path, get_pymodule_path, scrub, cstr, {% include %}, include a js file in a desk page, split a page script, share javascript between desk pages, include path not found, page js include, bad escape, re.error, empty page script, page script comes back empty, backslash in an included js file, regex literal in an included file, my page script is completely blank in the browser but the styles still load, why did my whole page javascript disappear after i pulled in another file, the shared bit of javascript i pasted in never runs on the page, i keep getting an error saying the include path is invalid and it does not tell me which one, what is wrong with my include line it looks exactly right to me, renaming the file to lowercase did not help and it still cannot find it, the file is right there on disk but the page insists it does not exist, why does a dash in my filename break loading it, i put two of these on the same line and now it looks for a path nobody wrote, the directive text is printed out as plain text in my stylesheet instead of doing anything, adding a regular expression to the shared file blows up the page, how do i split one huge page script into smaller files, render include	knowledge/desk/render-include.md	-	-
report, a script report that passes fifteen seconds turns itself into a prepared report and a query report never does, execute is unpacked to six values so a two-value return leaves four rendered parts empty, Report.execute_query_report, Report.execute_script_report, Report.execute_module, Report.execute_script, enable_prepared_report, check_safe_sql_query, generate_report_result, get_report_result, add_total_row, run, ljust_list, render_summary, show_status, render_chart, Cannot edit a standard report. Please duplicate and create a new report, You are not allowed to delete Standard Report, Must specify a Query to run, prepared report vs query report, script report timeout, my report renders the table but the chart never shows up, why are the number cards above my report missing, i wrote a chart into the report and nothing at all appears on screen, the report looks finished but half of what i returned is just not there, my report spins forever and never comes back for big date ranges, the report worked fine last year and now it times out as the table grew, how do i stop the report from blocking the page while it runs, i rewrote the slow report as raw sql and it got worse not better, there is an extra summary line at the bottom of my report that i never asked for, how do i get rid of the total row at the end of the report, the numbers in the cards at the top do not agree with the rows in the table, why does my report sometimes finish in the background and sometimes not	knowledge/desk/report.md	-	-
require, frappe.require fetches every path in parallel and then evaluates them in the order they were listed, skipping any path it has already evaluated in this page load, a second call for the same file resolves without re-running it, frappe.require, frappe.assets.execute, eval_assets, bundled_asset, _executed, _version_number, load a second js file on a desk page, load javascript at runtime, share javascript between desk pages, script loaded twice, script did not reload after deploy, assets js cache busting, carry a module in the app public folder, my click handler fires twice for a single click, why is the same script running two times on one page load, a counter in my shared file starts at double what it should, the same listener gets attached twice and i cannot find where, the browser keeps serving the old javascript after i deployed a change, i cleared the cache and the page still runs the old version of the file, how do i force everyone to pick up the new javascript, i dropped a new file into the public folder and the server returns not found, the new asset works on my machine but not on the other server, how do i load a second javascript file from a desk page, the whole screen greys out and locks up while my extra files load, why did calling the loader again not re-run my file	knowledge/desk/require.md	-	-
roles, a custom role replaces a report's own role table instead of adding to it, a report with rows on neither table is permitted to everyone, is_permitted, set_doctype_roles, on_trash, get_custom_allowed_roles, run, Report, Custom Role, Cannot edit a standard report. Please duplicate and create a new report, You are not allowed to delete Standard Report, Must specify a Query to run, report role permission, custom role for a report, every single user can open this report and i never gave anyone access, why is my report visible to people who should not see it, i added a role restriction and now nobody can open the report at all, adding one role silently threw away all the roles i had set before, i emptied the role list and the old permissions came back on their own, the roles i listed on the report are being completely ignored, i made a second permission record for the same report and it does nothing, how do i actually lock a report down to one group of people, the role table filled itself in on some reports but stayed empty on mine, the permission check passes but users still see rows they should not, who is allowed to open a report when no roles are listed anywhere, deleting the report left a stray permission record behind	knowledge/desk/roles.md	-	-
row-scope, the user whose user permissions scope a report's rows arrives as an argument to run, the pass that applies them recognises a link column only and drops one whose cells are all empty, run, validate_filters_permissions, get_filtered_data, get_linked_doctypes, get_columns_dict, get_column_as_dict, has_match, generate_report_result, Prepared Report, Must have report permission to access this report., Prepared report render failed, Report updated successfully, report rows scoped by user permission, restrict report rows to user's own data, users are seeing rows that belong to other people, why does the report ignore the per user restrictions i set up, the same report shows all rows to one person and only their own to another, the rows got filtered correctly yesterday and today everyone sees everything, restrictions stopped applying when that column happened to be blank in every row, the scheduled version of the report shows a different set of rows than when i run it myself, how do i limit a report so each person only sees their own records, adding a column type made half my rows vanish and i changed no permissions, the report errors out when i pick a value in the filter dropdown, it says i must have permission to access this report even though i can open it, sharing the document did not make the extra rows show up, why is filtering happening after the query instead of inside it, row scope	knowledge/desk/row-scope.md	-	-
select, a select whose options begin with a real value is filled with that value on both the client and the server, a reqd select is never empty and mandatoryerror never fires, frappe.ui.form.add_options, parse_option, toggle_placeholder, get_static_default_value, BaseDocument._validate_selects, Please check the value of, select field default value, empty select field, the dropdown already has something selected when i open a new record, why is my required dropdown never showing an error when i leave it alone, the required dropdown is not blocking save and i am losing my mind, every record ended up with the same first choice in the status column, who set all these records to the same value nobody picked it, why do all my rows show low priority when nobody chose it, the mandatory check does not fire on the drop down list, how do i make the drop down start empty, my test expects the save to be rejected but it saves fine, records created from code get a value in the choice field i never set, the placeholder never shows on the dropdown	knowledge/desk/select.md	-	-
server-script, server scripts are switched on only by server_script_enabled in common_site_config.json, a script runs as the calling session with frappe.get_all and frappe.db.set_value in scope, it is restricted python and never elevated python, ServerScript, safe_exec, is_safe_exec_enabled, server_script_enabled, SAFE_EXEC_CONFIG_KEY, ServerScriptNotEnabled, get_safe_globals, FrappeTransformer, compile_restricted, RestrictedPython, read_sql, check_safe_sql_query, UNSAFE_ATTRIBUTES, VALID_UTILS, get_python_builtins, run_server_script_for_doc_event, get_server_script_map, EVENT_MAP, server_script_map, execute_doc, execute_method, execute_scheduled_method, execute_api_server_script, get_permission_query_conditions, setup_scheduler_events, sync_scheduler_events, clear_scheduled_events, check_if_compilable_in_restricted_context, restrict_commit_rollback, safe_enqueue, call_whitelisted_function, run_script, script_type, doctype_event, api_method, allow_guest, event_frequency, cron_format, enable_rate_limit, Script Manager, Server Scripts are disabled. Please enable server scripts from bench configuration., Compilation warning, Query must be of SELECT or read-only WITH type., This action is only allowed for, module has no attribute, is an unsafe attribute, Key starts with _, server script not running, how to enable server scripts, python script in the desk, permission query script, i wrote a script in the interface and nothing happens when i save a record, why is my script not running at all, everything broke after i changed the config file no record will save now, saving any record now throws an error about scripts being turned off, the list is empty for everyone except me after i added a filter script, only one of my two filter scripts for the same record type is taking effect, how do i let an anonymous caller hit my script safely, my script saved without complaint but blows up when it actually runs, the script says it cannot find something only when it runs not when i save it, i turned the script off in the database and it is still running, my nightly script never fires and there is no log of it, my changes to the shipped script disappear after an upgrade, the script cannot commit and i get an error about it, server script	knowledge/desk/server-script.md	-	-
setup-wizard, setup_complete is a bare whitelisted call that runs once per site and returns ok instead of refusing when the site is already set up, setup_complete, get_setup_stages, process_setup_stages, initialize_system_settings_and_user, enable_setup_wizard_complete, get_setup_wizard_completed_apps, get_stages_hooks, get_setup_complete_hooks, run_post_setup_complete, run_setup_success, handle_setup_exception, update_global_settings, update_system_settings, create_or_update_user, disable_future_access, setup_wizard_complete, setup_wizard_exception, trigger_site_setup_in_background, setup_task, Updating global settings, Failed to update global settings, Wrapping up, Failed to complete setup, setup wizard, setup wizard stuck, rerun the setup wizard, site already set up, run something once per site, the initial setup screen is stuck and never finishes, why can i run the first time setup again on a site that is already done, how do i redo the first time setup on this site, the setup said everything is fine but half the starting data is missing, one app got its starting data and the other one did not, the landing page changed by itself after setup, how do i run something exactly once when a new site is created, a normal user was able to trigger the whole site setup, my seed data script wiped the cache and moved the home page, the setup finished with a green message but nothing was created	knowledge/desk/setup-wizard.md	-	-
standard, a report saved with a blank is_standard becomes standard for administrator in developer_mode, writes its json and controllers into the app folder, then refuses deletion wherever developer_mode is off, validate, validate_standard_report, export_doc, create_report_py, on_trash, execute_script_report, execute_module, execute_script, Report, Cannot edit a standard report. Please duplicate and create a new report, You are not allowed to delete Standard Report, Must specify a Query to run, standard report vs custom report, developer mode report save, it will not let me edit my report anymore and says to duplicate it, why can i not delete this report on the live server, how do i delete a report that refuses to be deleted, i changed the report code in the interface and the output did not change, my edits to the report script are ignored when it runs, new files showed up in my app folder after i saved a report, the report turned into a built in one on its own, why does the report behave differently on my machine and on the server, the letterhead i picked on the report keeps clearing itself, saving a report created python and javascript files i did not ask for	knowledge/desk/standard.md	-	-
suite-size, script report is 89% of erpnext's 180 standard reports, reports per module is the number that maps to a crowded workspace, not report count or code size, report_type, Report Builder, Query Report, Script Report, Custom Report, execute, columns, data, Report, Select an account to print in account currency, From Date must be before To Date, how many reports does erpnext ship, script report vs query report count, how many reports does the accounting system actually ship with, is my report too long compared to the normal ones, which area has way too many reports in the sidebar, the reports menu is a wall of links and nobody can find anything, are we reinventing the wheel by writing our own reports, how do i tell if a report is a near duplicate of another one, how many of the built in reports actually draw a chart, does having a companion javascript file mean the report has filters, what is a normal number of reports for one business area, our report list is out of control where do i start cutting, suite size	knowledge/desk/suite-size.md	-	-
website-theme, saving a website theme shells out to node to compile one css file into the site's public files and stores its path in theme_url, a theme that is never saved after a code change serves the css compiled by the previous save, WebsiteTheme, generate_bootstrap_theme, get_scss, get_scss_paths, get_active_theme, after_migrate, clear_cache_if_current_theme, validate_if_customizable, is_standard_and_not_valid_user, delete_old_theme_files, set_as_default, get_apps, export_doc, theme_url, theme_scss, custom_scss, custom_overrides, ignored_apps, google_font, font_properties, font_size, primary_color, dark_color, text_color, background_color, button_shadows, button_gradients, button_rounded_corners, website_theme_template.scss, disable_website_theme, Please Duplicate this Website Theme to customize., You are not allowed to delete a standard Website Theme, Compiled Successfully, website theme not applying, custom scss frappe portal, i changed the colors on the site theme and the website looks exactly the same, why does my site still show the old styling after i edited the stylesheet, site theme edits do nothing until i open it and hit save again, the site went back to its old look right after we deployed, my color variable is set but the buttons are still the default color, i put my override in the wrong box and nothing changed on the page, it will not let me edit the theme that came with the system, why am i told to make a copy before i can change the look, saving the theme blows up with an error from some other program on the server, the theme will not save on the production machine but saves fine locally, the stylesheet link on the public pages points at a file that is gone, one page on the site has no styling at all while the rest look fine, website theme	knowledge/desk/website-theme.md	-	-
workspace, a workspace shows only what its own links child table names, a workspace whose roles table is empty is shown to every logged-in user, Workspace.is_permitted, Workspace.is_item_allowed, Workspace.get_links, Workspace._prepare_item, Workspace.get_number_cards, get_workspace_sidebar_items, get_custom_reports_and_doctypes, get_custom_doctype_list, get_custom_report_list, Workspace.get_module_wise_workspaces, last_sequence_id, roles, links, public, for_user, hide_custom, sequence_id, build_domain_restriced_doctype_cache, build_domain_restriced_page_cache, get_active_domains, DatabaseQuery.prepare_filter_condition, set_workspace, Domain Settings, You need to be Workspace Manager to edit this document, Content data shoud be a list, You need to be Workspace Manager to delete a public workspace., workspace not showing for a role, workspace links, my new screen does not appear anywhere in the side menu, why is there no link to my list even though the user can open it by url, the report is missing from the sidebar but it opens if i type the address, a user with one role can see every section in the menu including payroll, why does everyone see all the menu sections regardless of their role, i restricted the section by role and it is still visible to everybody, after the upgrade all the menu links vanished for normal users, everything works for the admin account but staff see an empty menu, why do the links only disappear for some accounts and not for me, one menu entry is greyed out and i cannot click it, the trail at the top of the page points to the wrong section, i changed the order number but the top breadcrumb still shows the old section	knowledge/desk/workspace.md	-	-
action, a workflow action row is created once per document and state whatever its status, a state reached a second time produces no row, no list entry and no email, process_workflow_actions, is_workflow_action_already_created, create_workflow_actions_for_roles, update_completed_workflow_actions, get_allowed_roles, get_workflow_action_by_role, update_completed_workflow_actions_using_role, clear_workflow_actions, get_permission_query_conditions, has_permission, get_next_possible_transitions, get_users_next_action_data, send_workflow_action_email, get_workflow_action_url, get_confirm_workflow_action_url, apply_action, confirm_action, on_doctype_update, reference_doctype, reference_name, workflow_state, status, user, permitted_roles, completed_by, completed_by_role, doc_events, get_signed_params, verify_request, Workflow Action, workflow action row not created twice, workflow action list view, the approval email only arrived the first time, no email goes out when the document comes back for approval a second time, why does the approver stop getting notified after it is sent back for changes, the pending approvals list is empty but there is a document waiting on me, my approvers cannot see anything in their approval queue, why can only the administrator see all the pending approvals, the approval link in the email still works after someone edited the document, it warns me the document was changed after i opened it but still lets me approve, how do i find out who actually approved this document, the second time it reaches the same step nobody is told about it	knowledge/document/action.md	-	-
autoname, naming runs a fixed sequence of steps and the first one that sets a name ends it, an autoname string that matches no naming rule leaves the name empty and the document is given a random hash without an error, set_new_name, set_name_from_naming_options, set_naming_from_document_naming_rule, is_autoincremented, _set_amended_name, _field_autoname, _prompt_autoname, _format_autoname, make_autoname, validate_name, patch_old_naming_expressions, Doctype, Special Characters except, Invalid name type (integer) for varchar name column, Please set the document name, doctype naming rule, autoname format, my records get random letters and numbers instead of the pattern i set, the record id came out as a meaningless string of characters, why is the number not following the format i configured, i set the name in my own code before saving but it gets thrown away, the name i assign in my function does not stick, why does my custom naming code have no effect at all, the naming pattern is wrong and nothing shows an error anywhere, it tells me a field is required when i try to save a new record, it keeps asking me to set the document name, i changed the naming setting on the type and it reverted after saving	knowledge/document/autoname.md	-	-
cancel, cancel sets docstatus to 2 in memory and calls save, that save skips _validate entirely, every framework field rule and the workflow check are not run on the write that cancels, _cancel, save, _validate, run_before_save_methods, run_post_save_methods, check_no_back_links_exist, DocStatus, check_if_doc_is_linked, check_if_doc_is_dynamically_linked, Error: Document has been modified after you have opened it, Standard DocType can not be deleted., This document can not be deleted right now as it, what happens when a document is cancelled, cancel skips validate, my validation rules do not run when a document is cancelled, cancelling lets through values that saving would have blocked, why are my checks skipped only when i cancel, it refuses to cancel because another document is linked to it, i get a message that this document cannot be cancelled right now, how do i block a cancellation when a condition is not met, my reversal entries disappear after a cancellation fails, the code that runs on cancel executed but the changes are gone afterwards, i cannot edit or save a document after it has been cancelled, the approval step is not checked at all when the document is cancelled	knowledge/document/cancel.md	-	-
changelog-popup, get_change_log_for_app collects every file in the major-version folder whose parsed version falls on the half-open interval from the installed version to the target version, sorts them newest first, requires no file named for the minor series head, get_change_log_for_app, what's new popup after update, change log for app, how do i make the what is new window appear after an update, the release notes window never shows up for users after upgrading, why did users see notes from several old releases all at once, does the notes file have to be named a certain way for it to show, where do i put the text people see after an upgrade, the update message shows notes the customer already read, how do i write release notes for people who skipped a few versions, nothing appeared after the update even though i added the notes, which of my notes are people guaranteed to see when they upgrade, changelog popup	knowledge/document/changelog-popup.md	-	-
copy, copy_doc keeps no_copy fields unless it is asked not to, clears only name, owner, creation, modified, modified_by and docstatus on the parent and its children, carries nothing that lives outside the document's own tables, no attachment, no comment, no tag and no assignment, copy_doc, ignore_no_copy, remove_no_copy_fields, fields_to_clear, get_all_children, set_parent_in_children, create_attachment_copy, make_new_document, as_dict, get_valid_dict, get_valid_columns, default_fields, optional_fields, child_table_fields, amended_from, amendment_date, __islocal, duplicate a document, what does copy_doc copy, copy loses attachments, no_copy field still copied, the duplicate is missing all the attached files, why do the files not come across when i duplicate a record, how do i carry attachments over to a copied record, fields i marked as not to be copied are still filled in on the duplicate, the copy keeps values that should have come out blank, why is the reference number copied onto the duplicate, the duplicate has none of the comments or assignments of the original, the copied record is never saved and just disappears, duplicating an approved document gives me another approved one in my tests, the copy came out already submitted instead of a fresh draft	knowledge/document/copy.md	-	-
db-set, db_set skips validate, before_save and on_update but still loads the previous document and runs before_change and on_change, a write chosen to avoid a handler still reaches it, db_set, load_doc_before_save, get_doc_before_save, run_method, notify_update, clear_cache, set_value, set_single_value, get_value, clear_document_cache, get_cached_doc, Error: Document has been modified after you have opened it, `as_iterator` only works with `as_list=True` or `as_dict=True`, Cannot make dict for single fieldname, db_set vs save, update a field without triggering hooks, i updated one field without saving and the notification still went out, skipping the save did not stop the other code from running, why does my handler still fire when i only change a single field quietly, i deliberately avoided a full save and the loop is still happening, the value i just wrote is not what i read back a moment later, the record keeps showing the old value after i updated the table directly, why do i get stale data right after writing it in the same request, a record is stuck in a status the approval steps will never let it leave, the state changed to something the approval flow does not allow, the last modified time did not change after i updated a field, how do i change one field without running any of the checks, db set	knowledge/document/db-set.md	-	-
defaults, every time field on an inserted document is stamped with nowtime regardless of its default, that branch sits outside the block that reads the default at all, _set_defaults, insert, save, get_new_doc, set_dynamic_default_values, get_default_based_on_another_field, validate_value_via_user_permissions, update_if_missing, Error: Document has been modified after you have opened it, Please check the value of, default value not applied on new document, time field default, the time field fills itself with the current clock time even though i left it empty, why is there a time on a record where nobody entered one, i never typed a time and every single row has one anyway, checking whether the time is empty never works because it is always filled, the duration between the two times is nonsense because both were filled automatically, the field is marked required but it never asks me for a value, rows i loaded from a file are blank where rows i create by hand have a value, the default value is not applied when i save an existing record again, how do i model a clock reading that is sometimes not taken, two time columns on the same row hold the same second and i never entered either	knowledge/document/defaults.md	-	-
delete-doc, force does not narrow the link check delete_doc runs before removing a row, it skips the call to check_if_doc_is_linked and check_if_doc_is_dynamically_linked entirely, a forced delete can leave live references pointing at a name that no longer exists, delete_doc, check_if_doc_is_linked, check_if_doc_is_dynamically_linked, Standard DocType can not be deleted., This document can not be deleted right now as it, delete a linked document, force delete bypasses link check, i removed a record and now other records point at something that no longer exists, forcing the delete did not warn me that something was still using it, why did it let me delete a record that other records still reference, links are broken all over the place after i removed one record, the delete refused at first and after i forced it everything broke, nothing told me the record was still in use and now half the list is broken, opening a record shows a link to a name that is not there anymore, how do i check what is still using a record before i remove it, the reference field is still holding the name of something i deleted, clicking the link on the form goes to a record that does not open, delete doc	knowledge/document/delete-doc.md	-	-
derived-names, a doctype's folder, file and python module are scrub of its name while its controller class is the same name with spaces and hyphens removed and no case change, a doctype marked custom never reaches that path at all because import_controller returns document without looking for a file, scrub, unscrub, scrub_dt_dn, get_module_name, get_module_app, get_doctype_module, load_doctype_module, get_doc_module, get_doc_path, get_module_path, get_app_path, get_pymodule_path, setup_module_map, get_doctype_app, get_doctype_app_map, import_controller, get_controller, DocType {} not found, Module {} not found, Module import failed for, is not a subclass of BaseDocument, controller not loading, doctype folder name, class name of a doctype, where does frappe look for a controller, my code file for this record type is never used and nothing complains, the custom logic i wrote never runs and there is no error anywhere, why is my code being ignored for this record type, it says the module cannot be found when i open this record type, renaming the folder broke the whole thing, it complains the class is missing even though the file is right there, two apps use the same module name and the files load from the wrong one, the folder name and the class name do not match and i do not know which is right, what do i name the folder and the file for a new record type, the name with the capital letters in it will not load at all, my override class is rejected and i cannot tell why, derived names	knowledge/document/derived-names.md	-	-
doctype-update-hook, on_doctype_update fires from doctype.on_update when the doctype record is saved, import_file only reimports a doctype json when migration_hash no longer matches the file's calculated hash, editing the hook alone leaves it inert until any byte of the sibling json changes, on_update, import_file, Doctype, Fieldname, Not in Developer Mode! Set in site_config.json or make, Not allowed to create custom Virtual DocType., on_doctype_update hook, doctype json not reimporting, i edited the code but nothing happens after i run the upgrade, the upgrade finished with no errors and my change did nothing, why is my index never created on the table, i have upgraded ten times and the code i added still does not run, how do i force it to reload the record type definition, the change only took effect after i touched something unrelated, nothing tells me whether the definition file was actually picked up, my setup code for this record type runs on one machine and not the other, does a clean upgrade mean my change was applied, the definition file on disk is newer but it is being skipped, doctype update hook	knowledge/document/doctype-update-hook.md	-	-
doctype, saving a workflow writes the state field into every document of its type that has none, on every save and with no version history, validate, on_update, set_active, create_custom_field_for_workflow_state, update_default_workflow_status, get_workflow_state_count, workflow_name, document_type, is_active, override_status, send_email_alert, states, transitions, workflow_state_field, get_workflow_name, get_workflow, get_workflow_field_value, Workflow, Workflow State not set, Not a valid Workflow Action, Self approval is not allowed, workflow state field added to every document, saving a workflow updates existing documents, saving the approval setup changed thousands of records and i never asked it to, every old record suddenly got a status after i edited the approval setup, why did all my existing documents get a status out of nowhere, the site hung for minutes when i saved the approval setup on a big table, nothing in the history explains who set the status on all those rows, the last modified date did not move but the values changed, a hidden status field appeared on my form after i set up approvals, my old approval setup switched itself off when i saved a new one, two approval setups for the same form and only one of them takes effect, the new approval setup is ignored until i restart the site, is it safe to open and re-save the approval setup on a table with a million rows	knowledge/document/doctype.md	-	-
get-default-company, erpnext.get_default_company resolves get_user_default_as_list("company", user) then falls back to the global defaults single field default_company, a custom resolver that skips either step reads a different value on a site where only one was set, get_default_company, get_user_default_as_list, get_user_default, is_a_user_permission_key, get_global_default, default company lookup, erpnext default company resolution, how do i get the company that should be filled in by default, which company does the system pick when the field is left empty, my own code picks a different company than the rest of the system does, the default company is right for one user and wrong for another, i set the default company in settings but my script still gets nothing back, why does one report show a different default company than the form, how do i find the default company for the user who is logged in, the company field fills itself in for some users only, does it matter if i write the key with a capital letter or not, what order does it check when it decides which company to use, get default company	knowledge/document/get-default-company.md	-	-
hooks, a hooked method runs the decorated controller body first, every handler registered for the doctype by name, every handler registered for the wildcard, the last value each returns overwrites the shared return value unless it is a dict, hook, compose, composer, add_to_return_value, run_method, run_trigger, import_controller, get_controller, get_doc_hooks, get_hooks, get_attr, remove_orphan_doctypes, Error: Document has been modified after you have opened it, Please check the value of, Cannot make dict for single fieldname, order of doc_events hooks, hook not firing for a doctype, my custom function never runs when the record is saved, the extra validation i added does not fire on this form at all, why does my handler run before the built in checks instead of after them, another app's code runs before mine and i cannot change the order, my function returns a value but something else overwrites it, the value my handler returned came back empty, the whole site got slow after i added a handler for every form, my handler is firing on log records too and i only wanted one form, after installing a second app the built in checks quietly stopped running, submitting stopped doing anything and there is no error in the log, two apps changed the same form and one of them silently won	knowledge/document/hooks.md	-	-
make-records, make_records inserts each record inside its own savepoint and on any exception other than a duplicate name it rolls back, logs and moves to the next record with no reordering and no second pass, a record whose link target comes later in the same list is lost silently, make_records, show_document_insert_error, _validate_links, Error: Document has been modified after you have opened it, insert multiple records in a loop, bulk insert rollback on error, some of the starter records were never created and there was no error, the setup finished green but half the records are missing, why do my seeded records vanish with nothing shown in the output, loading a list of records skips the ones that point at each other, a record fails because the thing it links to does not exist yet, the loader keeps going after a failure instead of stopping and telling me, duplicates still blow up even though i told it to ignore duplicates, the only sign of the failure was a line in the log nobody reads, only the first few records were created and the rest failed quietly, how do i work out the right order to create records in, make records	knowledge/document/make-records.md	-	-
naming-series, a series number is taken under a for update lock on one tabseries row and that lock is held until the inserting transaction commits, every insert sharing a resolved prefix is serialised for the whole of its transaction, NamingSeries, NamingSeries.validate, NamingSeries.get_prefix, NamingSeries.get_preview, NamingSeries.update_counter, getseries, parse_naming_series, revert_series_if_last, set_name_by_naming_series, get_default_naming_series, has_custom_parser, InvalidNamingSeriesError, Special Characters except, Invalid name type (integer) for varchar name column, Please set the document name, naming series counter lock, series number skipped, saving new records is very slow when many people create them at once, everyone waits when two people add a record at the same moment, why do new documents take so long to save under load, i keep getting a deadlock error when several test runs go together, the transaction was aborted because another one was doing the same thing, numbers are being skipped in my document numbering, the counter jumped and left a gap in the sequence, my numbering format was rejected when i tried to save it, it says special characters are not allowed in my numbering format, the preview number is not the number the record actually ended up with, only the first block of hashes gets filled and the rest stay empty, how do i stop one long save from blocking everyone else's new records, naming series	knowledge/document/naming-series.md	-	-
read-shortcuts, get_value returns a bare value for one field and a row for two or more, orders by nothing at all unless order_by is passed, count answers from a day-old cache only while it has no filters, get_value, get_values, get_values_from_single, get_single_value, get_singles_value, count, get_last_doc, get_cached_value, value_cache, DefaultOrderBy, apply_order_by, DoesNotExistError, frappe.db.get_value with a list of fields, frappe.db.count stale, get_last_doc raises, my code broke the moment i asked for a second column, why do i get a plain value sometimes and a whole row other times, asking for one column gives me the value but two columns give me something i cannot unpack, the lookup hands me a different record every time i run it, which record comes back when more than one matches the filter, i keep getting the wrong record back and it changes between runs, i cannot tell if the record is missing or the column is just empty, the total on my page is a day behind and never refreshes, records i deleted are still being counted in the total, why is my count still wrong after i added rows, asking for the newest record throws an error instead of coming back empty, how do i get the most recently changed record instead of the most recently created one, read shortcuts	knowledge/document/read-shortcuts.md	-	-
read, frappe.qb.get_query runs no permission check and has no parameter to ask for one, the class that would check reads the tables back out of the compiled sql and nothing in the tree calls it, Engine.get_query, apply_filters, apply_list_filters, apply_dict_filters, parse_fields, get_function_object, ChildQuery, DynamicTableField, Permission.check_permissions, exists, get_value, get_values, get_all, get_list, count, DatabaseQuery, or_filters, get_cached_doc, can_cache_doc, get_doc, `as_iterator` only works with `as_list=True` or `as_dict=True`, Use of sub-query or function is restricted, Illegal SQL Query, frappe.qb permission check, query builder bypasses permissions, users can see records they are not supposed to see, my query ignores the access rules i set up, why does one way of reading data respect roles and another way does not, restricted people are getting everyone's rows in the list, the query comes back with nothing but there is definitely matching data, no error and no rows either i cannot tell what went wrong, how do i write an either-or condition when reading rows, my either or condition quietly returns zero results, i get an attribute error deep inside the reading code with no useful message, adding a sum or a count to my read blows up before it even runs, the existence check says yes for a record that is not actually there	knowledge/document/read.md	-	-
rename-doc, a rename_doc patch renames only the stored row, import_file deletes and re-inserts whatever row matches a shipped record's json name, a rename patch and the json name that still names the old key together re-create the record under both names, import_file, delete_old_doc, IMPORTABLE_DOCTYPES, sync_dashboards, autoname, Number Card, Document Type and Function are required to create a number card, Aggregate Field is required to create a number card, Parent Document Type is required to create a number card, rename a document across sites, rename_doc patch, the old record came back by itself after i renamed it, i renamed it it worked and then the next deploy undid it, why does a renamed record reappear under its old name, we now have two copies one with the old name and one with the new, renaming across all our sites keeps reverting, the rename holds on one site and reverts on another, how do i rename a record that ships with the app so it stays renamed, the dashboard tile was recreated under its old name after the upgrade, does renaming an approval flow behave the same way, the rename broke the translated label on the card, rename doc	knowledge/document/rename-doc.md	-	-
rename-field, rename_field copies the old column into the new one and never drops it, when its validate block finds nothing to rename it prints one line to stdout and returns with no exception, a stamped patch can silently move no data, rename_field, pre_model_sync, post_model_sync, rename a doctype field, rename_field does not drop old column, the old column is still sitting in the table after i renamed the field, renaming the field did not move any of my data, the upgrade said it finished but the new field is empty, why is all my data still in the old column, no error anywhere and yet zero rows were moved, how do i check that a field rename actually did something, should i worry about leftover columns piling up over releases, my upgrade step ran too early and found nothing to change, the rename step runs before the new field even exists, a step that reads a field this release removes finds nothing at all, rename field	knowledge/document/rename-field.md	-	-
role-auto-created, every role a doctype names in its own permissions block is auto-created with desk_access = 1 on sync, before sync_fixtures runs, a seeder that sets desk_access off loses the race on any run its hook entry is missing from and only a fixture wins every time, on_update, make_module_and_roles, AUTOMATIC_ROLES, sync_all, sync_fixtures, Doctype, Fieldname, Not in Developer Mode! Set in site_config.json or make, Not allowed to create custom Virtual DocType., role auto created from doctype permissions, new role appears automatically, a role i never created showed up on its own, new roles keep appearing after every upgrade, why does the system add roles i did not ask for, the role i set to have no back office access keeps getting it back, my setting on the role is reset every time we upgrade, how do i stop a role from being able to open the back office, the script that fixes the role works some runs and not others, roles are being created with the wrong defaults, which roles are always added to everything no matter what, my change to the role is overwritten during the upgrade, role auto created	knowledge/document/role-auto-created.md	-	-
save, the controller's validate runs after the framework has already set defaults, resolved every fetch_from and checked permissions, before the framework validates its own field properties, where a hand-written check sits decides whether it never fires or throws first, insert, run_before_save_methods, run_post_save_methods, _validate, _validate_links, _set_defaults, set_docstatus, check_if_latest, check_if_locked, validate_higher_perm_levels, set_new_name, set_title_field, update_children, clear_cache, notify_update, save_version, load_doc_before_save, Error: Document has been modified after you have opened it, order of hooks on save, validate runs before or after defaults, my validation check never runs no matter what i put in it, why does my check in the code never fire when i save the record, the custom error i wrote never shows up on save, i get my own error message instead of the required field message, the wrong error text comes up when a mandatory field is empty, why does my error hide the built in required field warning, it keeps telling me the document has been modified after i opened it, saving fails saying someone else changed the record but nobody did, why do i get a modified after you opened it error on every save, the value i read right after saving is not the one that got stored, the child table rows end up with a different status than the parent, which of my code hooks runs first when a record is saved	knowledge/document/save.md	-	-
service-level-agreement, apply is registered under doc_events["*"]["validate"], any doctype named on a service level agreement record acquires sla fields and a validate handler without its controller declaring either, apply, get_documents_with_active_service_level_agreement, set_documents_with_active_service_level_agreement, remove_sla_if_applied, before_insert, create_docfields, create_custom_fields, create_communication, set_first_response_time, has_website_permission, doc_events, Issue, Select a Default Priority., Start Time can, The Condition, sla doctype applies to which doctypes, service level agreement validate hook, sla timer fields showed up on a form i never set them up on, why does every record type suddenly have response time fields, response due and resolution due appeared on my custom form out of nowhere, my sla dates get wiped out every time i save the ticket, the response deadline keeps clearing itself for no reason, why are the sla times blank after saving even though i filled them, my custom ticket form has sla timers but incoming emails do not attach to it, replies by email are not being linked to my custom support form, how do i turn on sla tracking for a record type i built myself, the first response time is never recorded on my own ticket type, why does the customer portal show tickets but not my custom ones, service level agreement	knowledge/document/service-level-agreement.md	-	-
states, a state's allow_edit role is read only by the desk, the docstatus jumps between states are refused when the workflow is saved rather than when a document moves, validate_docstatus, state, doc_status, update_field, update_value, allow_edit, message, next_action_email_template, is_optional_state, avoid_status_override, send_email, apply_workflow, validate_workflow, set_workflow_state_on_action, get_next_possible_transitions, get_state_optional_field_value, get_default_state, get_document_state_roles, is_read_only, get_indicator, refresh, Workflow, Workflow Document State, Workflow Action, Workflow State not set, Not a valid Workflow Action, Self approval is not allowed, workflow state allow_edit role, docstatus jump refused, the form is greyed out for the user but they can still change it from the api, someone edited a record at a stage where editing should be blocked, why is the read only stage not actually stopping edits, it refuses to let me save my approval setup and points at a row number, i cannot save the approval steps because of an invalid status jump, why can a draft not go straight to a cancelled stage, no approval request or email is sent for one of the stages, the approver never gets notified for a particular step, why is there no pending action showing for this stage, new records start in the wrong stage, the second field that should change with the stage never updates, approval emails stopped going out even though notifications are on	knowledge/document/states.md	-	-
submit, the action is chosen by comparing the docstatus already read from the database with the one now set on the object, a second submit becomes update_after_submit and two requests that both read a draft both submit, _submit, set_docstatus, check_docstatus_transition, validate_update_after_submit, run_before_save_methods, run_post_save_methods, DocStatus, is_draft, is_submitted, is_cancelled, get_value, get_values, get_singles_dict, DocstatusTransitionError, Error: Document has been modified after you have opened it, `as_iterator` only works with `as_list=True` or `as_dict=True`, submit action docstatus, how does frappe decide submit vs update, two people clicked submit at the same time and the entry posted twice, duplicate postings when the same request is sent twice quickly, why did the same document create two sets of entries, the value i change on a submitted record is silently ignored, editing a field after submitting does nothing and no error appears, why can i not change this field once the record is submitted, i cannot put a submitted record back to draft, how do i reopen a submitted document as a draft again, my checks run a second time when i submit and i did not expect that, the code that should run once on submit did not run the second time, clicking submit again asks for a different permission than before, the document was submitted and now cannot be changed or edited without first cancelling and amending it	knowledge/document/submit.md	-	-
transaction, a rollback called with no save_point discards every row written since the transaction began and resets the before_commit and after_commit queues, work an earlier successful part of the request had queued never runs and nothing announces either loss, Database.commit, Database.rollback, Database.savepoint, Database.release_savepoint, Database.begin, before_commit, after_commit, before_rollback, after_rollback, savepoint, add_unique, sync_database, application, SAFE_HTTP_METHODS, UNSAFE_HTTP_METHODS, execute_job, `as_iterator` only works with `as_list=True` or `as_dict=True`, Invalid request arguments, Invalid Request, frappe.db.rollback savepoint, before_commit and after_commit queues, everything i saved earlier in the run disappeared and nothing raised an error, half my records vanished after one bad row in the loop, why did all my earlier saved rows get thrown away silently, the background job i queued after saving never ran, queued follow up work is never picked up after an error in the same run, why does my after save task get dropped instead of just delayed, the record i create in a read only endpoint is never actually saved, data written by a get request disappears right after the response, why does calling my endpoint from the browser url not save anything, i get an error saying the save point does not exist, rolling back after changing a table structure blows up, my error log entry is gone whenever the operation fails	knowledge/document/transaction.md	-	-
transitions, every transition check except self-approval runs on the save path, writing the state field directly passes a transition whose allow_self_approval is off, get_transitions, is_transition_condition_satisfied, get_workflow_safe_globals, apply_workflow, validate_workflow, has_approval_access, get_common_transition_actions, bulk_workflow_approval, _validate, get_roles, validate, disable_role, remove_roles, state, action, next_state, allowed, allow_self_approval, condition, send_email_to_creator, show_actions, setup_btn, Role, Workflow Transition, Workflow State not set, Not a valid Workflow Action, Self approval is not allowed, workflow transition condition, self approval allowed, the person who raised the request approved it himself and nothing stopped him, someone approved their own document even though self approval is switched off, why can the same user create and approve when i turned self approval off, i keep getting told this is not a valid action but the button was right there, clicking approve fails with a message about an invalid action, why does the approval refuse with an invalid action message and name nothing, the approval works when i test it and breaks for everyone else, the approve buttons never show up for normal users but they show for me as admin, why do the approval buttons disappear for the people who actually need them, i turned the role back on and people still cannot approve anything, re-enabling the role gave nobody their access back, the new record refuses to be created in the state i asked for	knowledge/document/transitions.md	-	-
unique-index, dbcolumn.get_definition writes not null default only for check, int, currency, float and percent, every other fieldtype in a composite unique index is nullable and two rows that both leave that member empty do not collide because two nulls are never equal, DbColumn.get_definition, default_fields, unique constraint on multiple fields, composite unique index, duplicate rows still get saved when one of the fields is left blank, i set two fields to be unique together and duplicates keep appearing, why does it let me save the same record twice when one field is empty, the duplicate check only works when every field is filled in, the database shows the uniqueness rule but it never blocks anything, my test proves the constraint exists yet duplicates still go through, the no duplicate rule looks correct and does nothing in real data, how do i stop duplicates only among drafts and still allow cancelled ones, i want the duplicate check to ignore cancelled and submitted records, there is no tick box to make the rule depend on whether the record is cancelled, unique index	knowledge/document/unique-index.md	-	-
validation, only some docfield properties are checked on the server, replacing a controller check with mandatory_depends_on or read_only_depends_on moves the rule into the browser and every api, patch, job and import then skips it, _validate, _validate_non_negative, validate_set_only_once, _validate_links, get_invalid_links, validate_workflow, _get_missing_mandatory_fields, _validate_selects, _validate_data_fields, _validate_length, _sync_autoname_field, set_fetch_from_value, get_set_only_once_fields, get_fields_to_fetch, _field_autoname, refresh_dependency, set_dependant_property, is_docfield_mandatory, DEPENDENCY_PROPERTIES, NonNegativeError, CannotChangeConstantError, LinkValidationError, Error: Document has been modified after you have opened it, Please check the value of, Special Characters except, mandatory field not enforced, server side field validation, a field that is supposed to be required got saved empty by a script, the conditional required field is ignored when records come in from the importer, why is my required-when rule skipped by the api but enforced on the screen, a field nobody is allowed to edit got changed by a background job, the read only rule holds on the form and holds nowhere else, saving without changing anything complains that a value cannot be modified, it says the field can only be set once even though i did not touch it, why do i get a cannot change error on a save that changed nothing, negative numbers still get saved even though i ticked the no negative box, the record saved with a link pointing at something that does not exist, the bad link is accepted on some fields and refused on others, spaces keep getting trimmed off the field the record name is built from	knowledge/document/validation.md	-	-
workflow-action-orphans, process_workflow_actions is the only native path that clears a workflow action row, it fires from the document lifecycle alone, log settings carries no entry for the doctype, a state change made outside the lifecycle or a hard delete leaves a stale open row nothing native ever clears, process_workflow_actions, is_workflow_action_already_created, clear_workflow_actions, update_completed_workflow_actions, LogSettings, Workflow Action, Log Settings, workflow action row not cleared, stale workflow action, people still see approval requests for documents that were already finished, old pending approvals never disappear from the list, why are there approval items sitting there for documents that are long closed, i changed the status directly in the database and the pending approval stayed open, after a data import all the old approval requests are still waiting, turning the approval flow off left everyone with stale pending items, the document was deleted and its approval request is still listed, the log cleanup never removes these leftover approval rows, how do i clean up approval requests nothing ever clears, the approval request is not created again when the document comes back to the same step, marking the old rows as done blocked the new approval from appearing, workflow action orphans	knowledge/document/workflow-action-orphans.md	-	-
cache-decorators, redis_cache caches a return value under a key hashed from the call's own arguments, request_cache and site_cache scope to the request or the process, none of the three expresses a caller-driven is-it-cached check or a success-only write, request_cache, site_cache, redis_cache, RedisWrapper, redis_cache vs request_cache, cache decorator scope, the cached value never updates even after i change the data, my function keeps handing back the same old answer, why does it still show stale data after the record changed, one server has the fresh number and the other has the old one, two users get different answers for the same lookup, why do my workers disagree about the same value, a failed lookup got remembered and now everyone gets nothing back, an empty result stuck around for an hour and broke the page, how do i check whether something is already cached before i call it, how do i clear the remembered answer for one function, the same slow call runs over and over inside a single page load, cache decorators	knowledge/job/cache-decorators.md	-	-
queue, a row refused by mute or by suspend_email_queue keeps status not sent and is picked up by every later flush, mail stops with nothing written anywhere, flush, get_queue, retry_sending_emails, EMAIL_QUEUE_BATCH_FAILURE_THRESHOLD_PERCENT, EMAIL_QUEUE_BATCH_FAILURE_THRESHOLD_COUNT, EmailQueue.can_send_now, EmailQueue.send, SendMailContext.__exit__, notify_failed_email, get_email_retry_limit, toggle_sending, send_now, clear_old_logs, show_toggle_sending_button, Send Now, are_emails_muted, execute, LogDoctype.clear_old_logs, Email Queue, Log Settings, Emails are muted, Email Queue flushing aborted due to too many failures., Only Administrator can delete Email Queue, email stuck in queue not sent, email queue status, emails are not going out and there is no error anywhere, mail stopped sending and nothing was written to any log, why did outgoing mail suddenly stop with no warning, the same message keeps trying to send again and again, one message has been stuck sending for hours, a pile of messages is queued and never leaves, how do i force one message to go out right now, how do i turn outgoing mail off for a while, the failure count looks far too low during an outage, nobody was told that the message failed to send, old queued messages vanished before i could look at them, why was only one person notified about the failure, email queue	knowledge/job/email-queue.md	-	-
enqueue, enqueue hands the job to a worker before the enqueueing transaction commits unless enqueue_after_commit is set, it re-queues the same work unless deduplicate is set with a job_id, enqueue_doc, run_doc_method, create_job_id, get_job, get_job_status, is_job_enqueued, get_jobs, _check_queue_size, task, queue_action, execute_action, after_commit, before_commit, after_rollback, CallbackManager, `job_id` paramater is required for deduplication., Cannot make dict for single fieldname, Error: Document has been modified after you have opened it, background job enqueue after commit, job re-queued after worker restart, the background task cannot find the record i just created, my queued work starts before the save is finished, why does the worker say the document does not exist yet, the same task got queued twice, the work ran again after i restarted the workers, how do i stop duplicate tasks from piling up, the call gave me nothing back instead of a task handle, i cannot check the status of the work i just queued, the worker crashes with an error about something not being sendable, passing an object into the background task breaks it, how do i run this straight away instead of in the background	knowledge/job/enqueue.md	-	-
execution, execute_job commits on return and rolls back on any exception, it retries the whole job up to five times only for a deadlock, a lock wait timeout or an explicit retrybackgroundjoberror, execute_job, RQ_JOB_FAILURE_TTL, RQ_RESULTS_TTL, before_job, after_job, RetryBackgroundJobError, CallbackManager, release_document_locks, `job_id` paramater is required for deduplication., background job retry on deadlock, execute_job commit rollback, my background task half wrote the data and stopped, the task failed and left the record in a broken half state, why does the same work run five times before it gives up, the task keeps retrying whenever two things write at once, how do i make a failed background task try again, the task left a record locked and nobody can edit it, a document stays locked after the work is over, there is no log for the task so i assumed it worked, the background work ran as the wrong user, why did my changes disappear when the task threw an error, how do i run cleanup after the task whether it fails or not	knowledge/job/execution.md	-	-
format-helpers, fmt_money reads two site defaults and the currency record before it formats, comma_and quotes each item before translating it so the quoted key never matches a row, get_url_to_form builds an absolute url whose host follows the request, fmt_money, comma_and, comma_or, comma_sep, get_url_to_form, get_absolute_url, get_url, quoted, slug, get_number_format_info, number_format_info, hide_currency_symbol, format money in python, link to a document in an email, the amount prints with no currency sign at all, why is the currency symbol missing from my totals, the symbol shows on the wrong side of the number, the digits are grouped in twos instead of threes, the amount has too many decimal places, the joined list keeps showing english words after translation, turning items into a sentence leaves them untranslated, the link inside my email points at a loopback address, the link i sent people opens the wrong address, how do i build a link to a record that works from an email, how do i print a number as money in a script, format helpers	knowledge/job/format-helpers.md	-	-
get-last-day, get_last_day returns the day before the first day of next month, frappe.utils re-exports it through a wildcard import, get_last_day, get_first_day, is_last_day_of_the_month, wildcard import of frappe.utils.data, get_last_day utility function, last day of next month, how do i get the last day of the month, what is the right way to find month end without writing my own calendar math, my month end date is wrong in february, my code says the month ends on the 30th when it ends on the 31st, how do i check whether a date is the final day of its month, the end of december comes out wrong in my date helper, why does my hand written month end break on a leap year, how do i get the first day of the month a few months ahead, is there a built in helper for month start and month end, my monthly period end is off by one day, get last day	knowledge/job/get-last-day.md	-	-
get-users-with-role, get_users_with_role runs one query joining has role and user, filters out disabled users and administrator, de-duplicates with .distinct(), get_users_with_role, get all users with a role, get_users_with_role query, how do i get every user who has a certain role, my list of role holders is missing people who are switched off, why is the admin account missing from my list of role holders, the same person shows up twice in my list of users with that role, getting the users for a role is really slow when there are many of them, i need to email everyone with a given role but my list is wrong, does the role holder list include disabled accounts, why does my role membership list not match what i see on the user screen, why is my loop over role holders running one query per person, who has this role and how do i get them in one go, get users with role	knowledge/job/get-users-with-role.md	-	-
list-indicator-precedence, frappe.get_indicator returns at the first of seven branches that matches, a doctype state sits ahead of listview_settings.get_indicator but behind the docstatus-driven draft and cancelled branches, get_indicator, avoid_status_override, title, color, custom, Doctype State, list view indicator color, get_indicator precedence, the colour of the status dot in the list is wrong, my custom status colour is ignored in the list view, why does every row show draft instead of my own status, the list still shows cancelled even though i set a colour for that status, my javascript that sets the row colour never runs, how do i control the colour shown next to a record in the list, the workflow state is showing in the list and i want my own status instead, i set a colour on the status table but the list ignores it, why does the coloured label in the list not match the status field, turning off the status override changed the colour but not the permissions, how do i stop the workflow from taking over the label in the list, list indicator precedence	knowledge/job/list-indicator-precedence.md	-	-
lock, frappe has three locks that are not interchangeable, for_update on the read, filelock for a critical section, the document lock file, is weak by its own docstring and exists for queue_action, filelock, LOCKS_DIR, create_lock, lock_exists, lock_age, check_lock, delete_lock, get_lock_path, release_document_locks, LockTimeoutError, unlock, is_locked, check_if_locked, queue_action, get_signature, DOCUMENT_LOCK_EXPIRY, DOCUMENT_LOCK_SOFT_EXPIRY, get_value, get_values, get_singles_dict, start_scheduler, _get_scheduler_lock_file, after_job, Error: Document has been modified after you have opened it, `as_iterator` only works with `as_list=True` or `as_dict=True`, frappe locking mechanisms, document lock file vs for_update, i keep getting told the record is locked and cannot save, a record stays locked forever after a background job crashed, why does my job say the document is being worked on when nothing is running, two background jobs are writing the same record at the same time, how do i stop a scheduled task from running twice at once, my process waits forever instead of failing when something else holds the record, how do i make sure only one process talks to the outside system at a time, i see a timeout error about waiting for a lock, how long until a stuck lock clears by itself, is there a way to force unlock a record that is stuck, two users saving at the same time overwrite each other	knowledge/job/lock.md	-	-
logger, a logger built by frappe.logger() defaults to warning on a dev server and error everywhere else, .info and .debug calls emit nothing until set_log_level is called, get_logger, set_log_level, default_log_level, frappe logger not printing, log level warning vs error, nothing shows up in my log file at all, my log lines never appear even though the code runs, why are my info messages missing from the log, logging works on my machine but writes nothing on the live site, i cannot tell whether that branch ran because there is no log line, how do i turn on more detailed logging, my debug messages are silently dropped, where do i write something so an operator can actually see it later, the log file is empty after the job finished, warnings appear locally but not in production	knowledge/job/logger.md	-	-
notification-log, enqueue_create_notification takes a list of users and drops every user who is disabled or who switched notifications off, its failure never reaches the caller, enqueue_create_notification, make_notification_logs, _get_user_ids, send_notification_email, type, for_user, from_user, document_type, document_name, link, is_notifications_enabled, Notification Settings, notification not sent to disabled user, some people never get the bell notification and nobody knows why, notification did not reach one of the users, why do only some of my users see the alert in the bell menu, no error anywhere but the notification never showed up, the notification silently disappears and nothing is logged, how do i find out why a person was not notified, the user turned off notifications long ago and still nothing shows, no notifications at all right after a fresh install, i do not get a notification when i am the one who did the action, notifying myself does not work but notifying others does, why does the alert not appear for the person who triggered it, i passed an email and the notification went nowhere, notification log	knowledge/job/notification-log.md	-	-
notification, a channel that fails writes an error log and lets the save commit, while a failure one line either side of that catch raises and refuses the save, Notification.send, send_notification_by_channel, get_list_of_recipients, load_standard_properties, get_template, get_documents_for_today, evaluate_alert, Notification.on_update, get_doc_module, export_module_json, channel, event, get_info_based_on_role, Role, Please specify which date field must be checked, Please specify which value field must be checked, Please specify the field from which to attach files, email notification failed silently, notification channel error handling, my alert email is not going out and there is no error on screen, the alert stopped firing and nothing tells me why, why did my alert turn itself off, the alert was enabled yesterday and is disabled today on its own, after renaming a field the alert quietly stopped working, saving the record fails and the message points at an alert, the whole save is rolled back because of a notification, why does one alert break the save and another one does not, people receive the alert but get permission denied when they click the link, the link in the alert opens an error page for my staff, how do i check whether an alert actually ran, the daily reminder alert never runs anymore	knowledge/job/notification.md	-	-
qrcode, the bench ships pyqrcode, not the qrcode package, frappe's own two-factor qr code generation imports pyqrcode, get_qr_svg_code, You have to enable Two Factor Auth from System Settings., OTP Secret has been reset. Re-registration will be required on next login., qr code library frappe uses, two factor qr code, the qr code works on my laptop but not on the server, module not found when generating a qr code on a clean install, which qr library is already available so i do not install a new one, two factor login shows no qr image, the qr image is blank on the login screen, how do i generate a qr code without adding a dependency, my qr code code crashes after deploy, why does the import fail only in production, i want a qr code as an image file and it fails, qr code generation broke for everyone except me	knowledge/job/qrcode.md	-	-
queue, a queue name is a timeout, the three built-in names are short, default and long, every queue is namespaced by bench id so two benches on one redis never dequeue each other's jobs, get_queues_timeout, get_queue, get_queues, get_queue_list, validate_queue, generate_qname, is_queue_accessible, get_workers, get_running_jobs_in_queue, get_redis_conn, start_worker, start_worker_pool, FrappeWorker, set_niceness, truncate_failed_registry, _check_queue_size, RedisQueue, QueueOverloaded, `job_id` paramater is required for deduplication., queue name and timeout, short default long queue, the background job never runs and just sits there, my job is stuck forever and nothing happens, why is my queued task never picked up, the long task dies after five minutes every time, the job gets killed halfway and looks like the code broke, how long can a background task run before it is cut off, which queue should i send a slow task to, two sites on the same server are stealing each other's jobs, jobs from one bench show up on another bench, the queue fills up and requests start failing, how do i stop the queue from growing without limit, i added a new queue and nothing runs on it	knowledge/job/queue.md	-	-
rate-limiter, the rate_limit decorator counts with a read-then-write race and keys its limit on cmd, a parallel flood can hold the counter near zero and a limit spanning several endpoints cannot be expressed by it, rate_limit, RateLimitExceededError, Either key or IP flag is required., You hit the rate limit because of too many requests. Please try after sometime., rate limit decorator race condition, api rate limiting, the rate limit does not block anything under heavy traffic, flooding the endpoint gets through without being throttled, why does the throttling stop working exactly when i am attacked, the counter stays near zero while requests pour in, i want one limit across all endpoints not per endpoint, how do i limit a user across the whole api instead of one call, each endpoint has its own separate counter and that is not what i want, the limit can be bypassed by hitting a different endpoint, how do i make the request counting exact, the throttle count is wrong when requests arrive at the same time, rate limiter	knowledge/job/rate-limiter.md	-	-
recipients, one malformed address cancels the mail for every other recipient and writes no queue row, past a hundred recipients the send returns nothing at all, EMail.validate, EMail.as_string, QueueBuilder.process, QueueBuilder.as_dict, QueueBuilder.send_emails, final_recipients, final_cc, final_bcc, EmailQueue.set_recipients, EmailQueue.send, sendmail, STANDARD_USERS, Email Queue, Headers must be a dictionary, Only Administrator can delete Email Queue, Updating Email Queue Statuses. The emails will be picked up in the next scheduled run., one bad email address blocks the whole email, email queue recipient limit, nobody got the email and there is nothing in the queue to show for it, one wrong address in the list and the whole send died, why does a single typo in one recipient stop everyone else from getting the mail, the send just returns empty and i cannot tell if it worked, how do i know a mail actually went out when the call gives me nothing back, sending to a big list quietly reports failure even though the mails go, the person on copy is getting the same message over and over, why does the cc address receive one email per person on the list, the queue row lists the right person but the to line is blank, mail works for normal users but never for the admin account i test with, i sent to a hundred people and half of them never received anything, how can i count who actually received a bulk mail instead of guessing	knowledge/job/recipients.md	-	-
render-address, render_address accepts check_permissions=false for a guest context, returns the rendered address template, not a plain string, a plain-text formatter is work it does not do while a permission bypass is a misreading of it, get_default_address, get_address_display, render_address, Address, Address Title is mandatory., render address template, address template guest access, how do i show a customer address on a page that a logged out visitor can open, the address does not render for guests and i keep getting a permission error, why is my address coming back as full html when i just wanted one line, i need the address as a plain comma separated line for a label, how do i get the default address of a customer or supplier, is there a way to skip the permission check when showing an address publicly, the address shows fine when i am logged in and disappears on the public site, how do i print an address the same way the desk shows it, what is the right way to format an address for a qr sticker, the rendered address has markup in it and it breaks my app screen, render address	knowledge/job/render-address.md	-	-
scheduled-type, sync_jobs deletes a scheduled job type only when its method string is absent from hooks, a method that stops resolving while its hooks line stays keeps its row and fails into its own log on every tick forever, ScheduledJobType, autoname, validate, enqueue, is_event_due, is_job_in_queue, rq_job_id, get_next_execution, execute, log_status, update_scheduler_log, get_queue_name, on_trash, execute_event, run_scheduled_job, sync_jobs, insert_events, insert_cron_jobs, insert_event_jobs, insert_single_event, clear_events, scheduler_events, Scheduled Job Type, Cron format is required for job types with Cron frequency., scheduled job type deleted, sync_jobs removes stale job, i removed the job from the code but it still runs every hour, why does a job i deleted keep firing after a migrate, the background job fails every time and nobody ever sees an error, how do i actually stop a recurring job from running, renaming the function broke the nightly task and nothing warned me, the scheduled task never shows any log so i cannot tell if it ran, how do i make something run every night at a specific minute, two different jobs ended up with the same name and one overwrote the other, i want a schedule the fixed options cannot express, the site was down all weekend and the missed runs never caught up, how do i trigger a scheduled task by hand to test it, all the history of a job vanished after i cleaned up the code, the scheduled job never runs and no error ever appears, scheduled type	knowledge/job/scheduled-type.md	-	-
scheduler, enqueue_events_for_site is the only call that reads maintenance_mode, pause_scheduler, disable_scheduler and system settings enable_scheduler, any path that calls enqueue_events directly runs the jobs of a paused site, start_scheduler, enqueue_events_for_all_sites, enqueue_events_for_site, enqueue_events, is_scheduler_inactive, is_scheduler_disabled, toggle_scheduler, enable_scheduler, disable_scheduler, activate_scheduler, schedule_jobs_based_on_activity, is_dormant, get_scheduler_tick, _get_scheduler_lock_file, is_schduler_process_running, FrappeWorker, start_worker_pool, set_niceness, `job_id` paramater is required for deduplication., scheduler disabled site, maintenance mode blocks scheduler, none of my background jobs are running at all, why did every scheduled task stop after i put the site in maintenance, how do i turn the scheduler back on for a site, a paused site is still running its jobs and i do not know what started them, jobs fire on a site i deliberately stopped, the tasks run once a day instead of every hour on a quiet site, why are my jobs running so late on a site nobody uses much, i started the scheduler twice and only one seems to do anything, how can i tell whether the scheduler process is actually alive, the order the jobs run in keeps changing between ticks, one site throwing an error seems to be skipping the others	knowledge/job/scheduler.md	-	-
stdlib-wrappers, now_datetime, as_json and parse_json change behaviour relative to their stdlib equivalents, most other stdlib reaches already have a frappe.utils wrapper, now, today, getdate, add_days, add_months, get_system_timezone, as_json, parse_json, generate_hash, Cannot make dict for single fieldname, frappe utility functions wrapping python stdlib, now_datetime vs datetime.now, the timestamps are off by a few hours from what the users see, why does the saved time not match the time shown on screen, how do i get the current time in the site timezone and not the server one, everything is coming out in indian time and we are not in india, converting my data to json blows up on a date field, the serializer crashes when i pass it a record object, how do i turn a document into json without an error, the incoming parameter is sometimes text and sometimes already an object, after i swapped the json call every stored signature stopped matching, the cached keys all changed and nothing raised an error, what should i use to generate a random token or id, is there an existing helper for this or do i import the standard library, stdlib wrappers	knowledge/job/stdlib-wrappers.md	-	-
week-boundary, get_first_day_of_week and get_last_day_of_week resolve the boundary from system settings first_day_of_the_week, defaulting to sunday, not from python's monday-based weekday(), get_first_day_of_week, get_last_day_of_week, get_week_start_offset_days, get_first_day_of_the_week, get_start_of_week_index, Weekday, first day of week setting, week boundary calculation, my weekly report is off by one day, the week starts on monday but it should start on sunday, why does my week range not match the one the system uses, this week and last week are shifted by a day in my totals, the numbers only look wrong on sunday and are fine the rest of the week, weekly totals are correct midweek but break on the edge day, is the first day of the week a setting or is it fixed, i changed the first day of the week in settings and my code ignored it, the same week gives two different date ranges in two places, how do i get the start and end of the week the right way, my hand written week calculation disagrees with the built in report, a record lands in the wrong week bucket at the weekend, week boundary	knowledge/job/week-boundary.md	-	-
accessor, every read and every write has a checked call and an unchecked one, the permission code sits only in databasequery and document, never in frappe.db, get_list, get_all, get_doc, DatabaseQuery.execute, _set_permission_map, build_match_conditions, add_user_permissions, get_permission_query_conditions, insert, save, submit, cancel, db_set, check_permission, sql, get_value, get_values, set_value, delete, execute_query_report, execute_script, Report, Workflow Action, Cannot make dict for single fieldname, Use of sub-query or function is restricted, Illegal SQL Query, checked vs unchecked read and write, get_list vs get_all permission check, why can everyone see everyone else's records in this list, this list is leaking records from other users and i am furious, the list page shows rows that should be filtered by user, one salesman can see all the other salesmen's orders, the report shows every row no matter who runs it, my custom report ignores the user restrictions, how do i make a list return only what the logged in user is allowed to see, everything looked fine as admin but a normal user sees too much, a field got written without any permission check, setting a value directly skipped my validation, the api let a user update a document they should not touch, how do i tell whether a read is checked or unchecked	knowledge/permission/accessor.md	-	-
csrf, a guest session carries no csrf_token, validate_csrf_token returns without checking anything and allow_guest=true on a post is csrf-exempt by accident, HTTPRequest.validate_csrf_token, UNSAFE_HTTP_METHODS, Session.start, get_csrf_token, generate_csrf_token, Invalid Request, Login with username and password is not allowed., Login not allowed at this time, csrf token missing for guest, allow_guest csrf exempt, an outside website can post to my public endpoint, random records are being created by someone who is not logged in, we are getting spam submissions from a form we did not build, is my public method safe from another site posting to it, how do i protect an endpoint that guests are allowed to call, the public endpoint writes data and nobody checks who called it, anonymous visitors can trigger our write method and it is terrifying, i get invalid request when posting from my script, my post fails with invalid request but the get works fine, why does the token check pass for logged out visitors, do i need extra checks on a method open to everyone	knowledge/permission/csrf.md	-	-
docperm, the docperm row is the only thing that refuses a write, in_create and read_only change which list a doctype appears in and stop nothing, has_permission, get_role_permissions, get_valid_perms, get_all_perms, add_permission, update_permission_property, reset_perms, setup_custom_perms, UserPermissions.build_permissions, build_doctype_map, can_create, in_create, can_write, can_search, role, permlevel, if_owner, read, write, create, delete, submit, cancel, amend, report, export, import, share, print, email, PermissionEngine, execute, get_columns_and_fields, Custom Docperm, docperm row permission, in_create and read_only doctype flags, i marked the doctype so it cannot be created but records still get inserted, i locked the form yet writes still save new records, why does the setting that hides the new button not stop writes, the role has no rights but the user can still edit, a user cannot open a record even though i gave the role access, how do i see exactly what one named user is allowed to open, i changed the permissions and nothing changed for the user, my permission edits keep getting lost after an update, everything works when i log in as admin and breaks for real users, where do i actually edit who can do what, a background job wrote to a locked record and i cannot explain it, the nightly task bypassed all my permission rules, a user in that role still sees a record he should not be allowed to open even though the read column for the role looks off	knowledge/permission/docperm.md	-	-
hooks, the three permission hooks run on different paths and disagree on what a falsy return means, one denies, one shows every row, one is never reached by an api call, permission_query_conditions, has_permission, has_website_permission, get_permission_query_conditions, has_controller_permissions, get_newargs, insert, _validate_links, get_invalid_links, set_fetch_from_value, search_in_doctypes_with_web_view, has_web_form_permission, validate_print_permission, Web Form, Use of sub-query or function is restricted, Illegal SQL Query, has_permission vs permission_query_conditions, permission hook falsy return, my filter is supposed to hide all rows but the user sees everything, returning false from my row filter shows every record instead of none, how do i block every single row from a list for a certain user, my custom check never runs when the request comes from the app, the portal check works on the website page but not on the other calls, my function blows up with an unexpected keyword argument, the function never receives the record type it is supposed to scope, my check can only take access away and never give it, i wrote a rule to give a role extra access and it does nothing, the field i read in my check is empty while creating a new record, my check passes on save but fails on the very first insert, why is my permission function ignored on some pages and not others	knowledge/permission/hooks.md	-	-
permlevel, a permlevel violation puts the old value back and saves successfully, administrator returns before the check runs at all, validate_higher_perm_levels, reset_values_if_no_permlevel_access, get_permlevel_access, get_high_permlevel_fields, get_role_permissions, Error: Document has been modified after you have opened it, Please check the value of, permlevel violation on save, administrator bypasses permlevel, the field goes back to its old value after i save and there is no error, my change is silently discarded when i save, why does saving succeed but the value never actually changes, the user edits the field and it reverts with no warning at all, i restricted a field but the user can still set it while creating the record, the restricted field inside the child table is still editable, i want one role to edit only one field and read the rest, how do i let a role change just the approval field and nothing else, it works when i test as admin but not for the other user, i expected an error but the save came back successful, my test waits for an exception that never happens, the restriction does not apply to some fields at all, saving silently loses the field's new value	knowledge/permission/permlevel.md	-	-
portal_identity, generate_keys overwrites api_secret on the single user row, api_key/api_secret is one credential per user and rotating one device signs out every other device that user owns, User.has_desk_access, User.set_system_user, User.set_roles_and_modules_based_on_user_type, generate_keys, apply_permissions_for_non_standard_user_type, user_linked_with_permission_on_doctype, doc_events, "*", on_update, get_sessions_to_clear, clear_sessions, delete_session, operation, status, user, ip_address, reference_doctype, reference_name, export_from, file_type, report_name, page, User Type, Activity Log, Access Log, Not a valid User Image., Welcome email sent, Please setup default outgoing Email Account from Settings > Email Account, website user vs user, api_key api_secret portal user, i changed the api secret on my phone and now the tablet is signed out too, rotating the key for one device kicked out every other device, why does resetting one device's key sign the user out everywhere?, the portal user has no desk access but can still call our backend methods, a customer login with no seat still reaches our internal endpoints, should a portal account be able to hit our api at all?, users stay signed in on unlimited devices and i cannot cap it, how do i limit how many devices one account can be signed in on, i opened the log to check sign ins and only found exports and prints, where do i see who logged in and from which ip address?, the audit log i checked has no login rows at all	knowledge/permission/portal_identity.md	-	-
role, has role is one child table shared by nine parents, a role list is never a user list, an empty role list on a page or a report permits instead of refusing, istable, get_users_with_role, get_roles, get_doctype_roles, get_all_perms, ALL_USER_ROLE, SYSTEM_USER_ROLE, GUEST_ROLE, is_permitted, get_custom_allowed_roles, get, getpage, Has Role, Page, Report, Custom Role, Not in Developer Mode, Only Administrator can edit, Cannot edit a standard report. Please duplicate and create a new report, has role child table, empty role list permission, counting who holds this role gives a number far bigger than the user list, my query for role holders returned reports and dashboards instead of people, why does the count of users with a role not match the users i can see?, i left the allowed roles empty expecting nobody to see it and everyone can open it, a page with no role set is open to anyone including logged out visitors, is an empty roles list the same as nobody is allowed?, an anonymous visitor can load our internal page, portal customers pass a check i wrote for staff only, why do website users satisfy my role condition?, i added roles to the report but an old list still decides who sees it	knowledge/permission/role.md	-	-
subledger, erpnext writes gl entry and stock ledger entry itself, its own writer sets flags.ignore_permissions before submit, no role or docperm row governs a posted ledger row, make_entry, Please set, Please mention, gl entry stock ledger entry permission bypass, erpnext ignores permissions on submit, i removed every role from the ledger table and entries still get created, permissions on the accounting entries table do nothing at all, why can a user create ledger rows when he has no rights on that table?, the stock movement rows ignore my permission rules, blocking the ledger did not stop postings, who is actually allowed to post to the accounts ledger?, auditing rights on the ledger gives me the wrong answer, i want to stop a user from posting stock movements but restrictions have no effect, posting happens even though the role has no create right on the entries table, where should i put the restriction if the ledger ignores it?	knowledge/permission/subledger.md	-	-
user_permission, a user permission carries four fields, the row condition it generates also admits a row whose scoped field is empty unless apply_strict_user_permissions is on, has_permission, get_user_permissions, has_user_permission, add_user_permission, remove_user_permission, clear_user_permissions_for_doctype, user_permission_exists, get_applicable_for_doctype_list, build_match_conditions, add_user_permissions, apply_strict_user_permissions, User Permission, System Settings, User permission already exists, Use of sub-query or function is restricted, Illegal SQL Query, user permission not filtering, user permission empty value applies_to_all, i restricted the user to one company and he still sees records from all of them, the restriction lets through records where the field is blank, why do rows with an empty company still appear for a restricted user?, restricting a user to one branch also filtered lists i never wanted filtered, my restriction leaks records that have nothing filled in that field, the check passes before the record exists even though the user is restricted, a user can create a document for a value he is not allowed to see, the restriction works on the list but not when creating, restricting to a parent value does not include the ones under it, should restricting a top level value cover everything beneath it?, i wrote my own filter and it disagrees with what the system shows	knowledge/permission/user_permission.md	-	-
website-permission, frappe.has_website_permission returns the controller's own has_website_permission when the doc defines one and never reads the hooks in that case, it returns false when neither exists, has_website_permission, frappe.has_website_permission, ignore_permissions, get_hooks, doc.has_website_permission, User.has_website_permission, Address, has_common_link, search_in_doctypes_with_web_view, validate_print_permission, check_webform_perm, allow_guest_to_view, website permission hook not called, portal record 403, who can open my portal document, my portal permission function is never called, the check i registered for this record type gets skipped completely, why is my custom portal rule ignored on this document?, a signed in customer gets permission denied opening his own record on the site, the portal says access denied for a record that belongs to the visitor, how do i let a customer open only his own document on the website?, the rule works on the web page but the api returns everything anyway, my website check does not protect the rest api, the print view refuses to open the document for a portal user, the web form says no permission for the record the user owns, adding a second check made it stricter instead of allowing more, website permission	knowledge/permission/website-permission.md	-	-
button, theme, size and variant are closed unions whose every cell is a class string written inside the component, a fifth theme cannot be added from outside and redeclaring a semantic token is the only way to recolour one, buttonClasses, withDefaults, name, frappe-ui button theme variant, custom button size, my custom colour prop on the button does nothing, why can't i add a new button colour, the button ignores the class i pass it, how do i add a fifth style to these buttons, passing my own colour name to the button breaks the build, the button looks the same no matter what i pass it, how do i restyle every button in the app at once, the hover colour stays the old one after i changed the colour, i need a button shape this library does not have, it complains that the value i gave the button style is not allowed	knowledge/ui/button.md	-	-
create-resource, a cache key returns the first caller's resource object with its own url and callbacks, every option the later call passed is dropped without a message, createResource, cached, getCacheKey, fetch, handleError, reset, update, setData, createResource cache key options ignored, second createResource call ignored, my second fetch call is hitting the wrong address, why is the same data showing up in two different places, the success callback i passed is never called, two screens keep overwriting each other's loading spinner, my error handler runs but the app still crashes with an unhandled rejection, clicking the button throws an uncaught error even though i handle errors, changing the address in the second call did nothing at all, how do i stop two components from sharing the same fetched data, old data appears before the request finishes, why does the call still reject after i already showed the error message, create resource	knowledge/ui/create-resource.md	-	-
directives, neither directive defines an update hook, the callback captured at mount keeps running after a re-render passes a new function, vue directive stale closure, v-on-outside-click not updating, the click outside handler is using old values, my handler keeps seeing the first item in the list, why does the outside click callback have stale state, the visible callback never fires, nothing happens when the element scrolls into view, how do i stop my callback from going stale after a re-render, the callback fires with the wrong row inside a loop, replacing the function on re-render has no effect, the handler ignores my updated state, why does clicking outside sometimes do nothing	knowledge/ui/directives.md	-	-
doc-store, one ref per doctype and name is shared by every usedoc in the page, getdoc deletes that ref before returning it once the entry is five minutes old, frappe-ui doc store shared ref, getDoc cache eviction, the form i was editing suddenly reset to the saved values, two screens on the same record keep overwriting each other, opening the record again after a while throws an error, it says cannot read property of undefined when i revisit a page, the page crashes only after i leave it open for a long time, why did my unsaved edits disappear when something refreshed, how do i stop one component's refresh from changing another, record data is shared between components and i want it separate, it works while developing but breaks after a long session, coming back to the same record a few minutes later breaks the page, doc store	knowledge/ui/doc-store.md	-	-
document-resource, doctype and name are read once at construction, a resource never follows a route parameter, every write copies the whole document into one previousdoc property that the next write overwrites, createDocumentResource, documentCache, setValueOptions, save, reload, setDoc, transform, getCachedDocumentResource, updateRowInListResource, revertRowInListResource, createDocumentResource does not follow route change, document resource previousDoc overwritten, the detail page still shows the previous record after i click a different one, changing the id in the address bar does not load the new record, why does the same record keep showing when i navigate between them, saving sent fields i never put in the form, the save request includes extra junk fields, one of my two edits was rolled back to an older value, saving two fields quickly loses one of them, how do i make the page follow the record in the route, an error while saving put the wrong old values back, the row in the list does not update after i save the record, document resource	knowledge/ui/document-resource.md	-	-
frappe-request, an exc in a 2xx body is printed to the console and the call resolves, the status on a thrown error is read off the body text so it is always undefined, frappeRequest, transformRequest, transformResponse, transformError, call, request, frappe-ui request error status, exc in 2xx response body, the call worked but i got nothing back, my request returns success and the data is undefined, why does a failed server call still look like it succeeded, the server threw an error and my catch block never ran, nothing is caught when the backend raises halfway through, how do i catch a server side failure that comes back as a 200, i see a red error printed in the console but the code carries on, the console shows a traceback and my page acts like everything is fine, the status code on the error object is always undefined, i cannot tell a permission failure from a server crash in my error handler, how do i read the http status code of a failed call, my retry on server errors never triggers because the status is missing, frappe request	knowledge/ui/frappe-request.md	-	-
idb-store, without indexeddb every read and write goes to a plain object that a reload empties, a real indexeddb rejection escapes the try block unhandled, frappe-ui indexeddb store, cache does not survive reload, everything i cached disappears when i refresh the page, the cache is empty again after a reload, why does my saved data not survive a page refresh, offline data works in one tab and is gone in a new tab, the cache tests pass but nothing is actually stored, how do i check that data is really being written to the browser and not just held in memory, saving to browser storage fails and nothing is logged anywhere, i get an unhandled promise rejection with no stack i can trace, storage quota is full and the app says nothing, why is caching silently doing nothing on this device, the cache never works when the page is rendered on the server, data is not persisting inside the mobile webview, idb store	knowledge/ui/idb-store.md	-	-
list-indicator, four earlier branches answer before a list view's own get_indicator runs, a custom indicator is skipped whenever a workflow state, a draft, a cancelled document or a declared doctype state matches, get_indicator, has_indicator, set_fields, get_indicator_html, get_indicator_dot, set_indicator, frappe-ui list indicator precedence, custom list indicator skipped, my custom colour dot in the list is being ignored, the list keeps showing draft in red instead of my own label, why does my status colour never appear in the list view, cancelled records always show the same colour no matter what i do, the badge in the list does not match the status i set, how do i make the list show my own status label and colour, my status colour works on some records and not on others, after i made the doctype submittable the list badge changed on its own, clicking the status badge filters by the wrong thing, the label in the list is stuck in english and will not translate, my colour function gets an empty value for a field that clearly has data, the field my status logic reads is always empty in the list but fine on the form, list indicator	knowledge/ui/list-indicator.md	-	-
list-resource, reload asks for page one through the loaded row count in one request, a row patch reaches every list resource built for that doctype whatever its filters, createListResource, listCache, resourcesByDocType, reload, fetch, update, setData, updateRowInListResource, revertRowInListResource, deleteRowInListResource, createResource, createListResource reload behavior, list resource row patch, refreshing the list fires one giant request for everything loaded so far, the list refresh gets slower every time i load more rows, why does reloading the list ask the server for hundreds of rows at once, i see the same rows twice after deleting one, duplicate rows appear in the list after i add a record, how do i properly refresh a list after adding or removing a row, my code runs before the fresh rows arrive, awaiting the list refresh does not actually wait for the data, saving one record changed a completely different list on the same page, a filtered list is showing a row that should not match the filter, the new field i added is never on the rows even though the server returns it, a value updated on the server does not appear on the row in the list, list resource	knowledge/ui/list-resource.md	-	-
lucide-icons, an icon is either a class name or an auto-imported component, a misspelt one renders an empty element in silence, a name assembled at runtime emits no css at all, matchComponents, encodeSvgAsDataUri, readAvailableIconNames, lucideIcons, generateIconModule, getIcons, camelToDash, frappeuiPlugin, iconLeft, icon, iconRight, name, lucide icon not rendering, frappe-ui icon component, the icon is just a blank space, my icon does not show up and there is no error anywhere, why is nothing rendered where the icon should be, the icon works when i hardcode it but not when it comes from data, icons chosen dynamically never appear, how do i show an icon whose name comes from a database field, my icon is huge or tiny and ignores the size i set, the icon colour will not change no matter what i set, my hand drawn icon looks thicker than the ones next to it, the icons look inconsistent in weight across the page, i passed a name to the button icon and got the wrong icon set, i think i misspelled the icon name but nothing warns me, lucide icons	knowledge/ui/lucide-icons.md	-	-
realtime, every ondocupdate call adds a list_update listener that nothing removes, while the subscribe dedup is keyed on doctype alone and ignores which socket asked, createDocumentResource, createListResource, initSocket, install, socket updates repeat, onDocUpdate listener not removed, the same list reloads five times every time one record changes, why does my page fetch the same data over and over after a live update, the network tab is flooded with duplicate requests whenever someone edits a record, requests keep firing for a page i already navigated away from, the app gets slower the more times i open and close the same screen, how do i stop background refreshes coming from a screen that is already closed, the list never updates when someone else changes a record, live updates worked on the first load and stopped after part of the app reloaded, why do i get no live updates and no error either, two browser tabs open and only one of them gets live updates	knowledge/ui/realtime.md	-	-
tailwind-preset, the preset's plugin states a whole theme rather than an extend, the scale it names replaces tailwind's and text-4xl, xl: and slate emit no css, preset.js, darkMode, plugins, theme, borderRadius, boxShadow, fontSize, screens, extend, addBase, addComponents, generateColorPalette, generateCSSVariables, generateSemanticColors, matchComponents, frappe-ui tailwind preset overrides theme, text-4xl class missing, my text size class does nothing and there is no error, the biggest heading class just renders at normal size, why does a class straight from the docs produce no styles here, some colour names work and others are completely ignored, the widest screen size prefix has no effect at all, i added one font size to my config and every other size disappeared, adding a custom size broke all the built in sizes, how do i change a corner radius or a shadow across the whole app, the buttons from the component library come in completely unstyled, styles are missing only for the components that came from the package, tailwind preset	knowledge/ui/tailwind-preset.md	-	-
theme, dark mode waits for something to write data-theme on the root element, only ink, surface and outline classes read a css variable, every other colour class is a frozen hex, darkMode, generateCSSVariables, generateSemanticColors, generateColorPalette, resolveColorReference, addBase, extend, lightMode, themedVariables, overlay, neutral, dark mode does not switch, data-theme attribute, dark mode does nothing when i toggle it, the switch flips but the page stays light, why is my app ignoring the system dark setting, half the page goes dark and the rest stays white, some buttons keep their light colours in dark mode, the toggle reports a different mode from what is on the screen, the page flashes light for a second before it turns dark on load, how do i change one background colour everywhere without editing every component, my custom colour has no effect on the shared components, the app gets sluggish after switching themes many times	knowledge/ui/theme.md	-	-
toast, toast.create fills a module-level array that only the provider component renders, the plugin install registers no component at all, ToastRoot, duration, ToastProvider, install, toast.create not showing, frappe-ui toast plugin, nothing pops up when i show a message, my success message never appears anywhere on the screen, why do my notifications silently do nothing, the popup message disappears instantly instead of staying, i set the time to zero and the message vanished right away, my message shows but all the formatting is gone, links inside my notification get stripped out, the loading message never turns into a success message, how do i make a message stay until the user closes it, the whole thing still crashes even though i showed an error message	knowledge/ui/toast.md	-	-
use-call, the params passed to submit are stored in submitparams and sent by every later call until reset, an error thrown in beforesubmit reaches no ref the caller reads and stops nothing, useCall submit params stay after first submit, useCall error handling, the filters stopped updating after i clicked the button once, it keeps sending the same old values on every later request, why is my request using yesterday's filter instead of the new one, my validation check throws but the request goes out anyway, the check that runs before sending does not stop anything, how do i actually block a request before it is sent, i see an error in the console but nothing shows in the interface, the failure message never reaches the screen, old data shows up before the new response arrives, how do i go back to the reactive parameters after passing them by hand once, use call	knowledge/ui/use-call.md	-	-
use-doctype, delete, rundocmethod and runmethod each keep one url ref per instance, a second submit before the first resolves moves the loading state onto the newer call, useDocType runMethod loading state, second submit before first resolves, the spinner shows on the wrong row when i click two buttons quickly, why does the first row stop showing loading when i click a second one, clicking approve on several rows at once and only the last one spins, the loading indicator jumps to another row on its own, i click delete on two records and one of them never shows it is working, does firing the same action on many rows at the same time break the loading state, the button stays stuck as if nothing happened after a rapid second click, the error from my check does not appear anywhere in the form, why do i get the wrong error message back when a check fails, the deleted record is gone from the server but still sitting in my list, how do i run the same action on a whole table of rows safely, use doctype	knowledge/ui/use-doctype.md	-	-
use-list, data is a running list rather than one page of rows, the fetch replaces it only while start is zero and appends on every other start, useList data not paging, list append vs replace, the list keeps getting longer every time i load more instead of showing one page, why do i see duplicate rows after refreshing the list, loading the next page adds the rows on top of the old ones, i asked for twenty rows and now there are sixty on screen, the same record shows up twice in the table, refreshing after page two doubles everything, how do i show numbered pages instead of a load more button, going back a page does not remove the rows i already had, why does my table grow forever as i scroll, the row count on screen does not match the page size i set, how do i refresh a paginated list without repeating rows, use list	knowledge/ui/use-list.md	-	-
use-new-doc, doc holds only what was typed, submit returns the created document and writes nothing back, a second submit creates a second record, useNewDoc submit creates duplicate, new doc form state, clicking save twice creates two identical records, why did submitting the form a second time make a duplicate, the form still shows what i typed after it saved instead of the real record, the id of the new record is empty right after creating it, fields the server fills in are blank on my screen after saving, the default values set by the backend never show up in the form, how do i clear the form after it saves, the generated number is missing until i reload the page, user double clicks the create button and we get two entries, why is the saved record different from what my form shows, how do i get the record that was actually created back from the save, use new doc	knowledge/ui/use-new-doc.md	-	-
vite-plugin, an empty frappeui call already installs four sub-plugins plus a banner and a dependency pre-bundle, it rewrites the build output directory unless the option carries the value through, frappeuiPlugin, lucideIcons, frappeProxy, jinjaBootData, buildConfig, siteBanner, frappeTypes, frappeui vite plugin build output, frappe-ui vite config, my build files end up in a folder i did not ask for, why did the output directory change after i added the plugin, the built page is blank and the assets point at the wrong path, i set my own output folder and it got ignored, the dev server keeps forwarding requests to a backend i did not configure, my existing page template gets overwritten by a generated one, why is extra data injected into my html that i never added, adding it with no options changed my whole build, how do i turn off the proxy and keep serving from my own template, the generated html lands somewhere my server does not look, how do i keep my own build settings when i add this, vite plugin	knowledge/ui/vite-plugin.md	-	-
zoom-pan, the wheel listener is bound once to whatever element containerref already holds at mount, a container rendered later never gets one and nothing rebinds when the ref changes, useZoomPan, containerRef, isEnabled, handleWheel, handlePanStart, zoomIn, zoomOut, resetZoom, zoomLevel, panPosition, isMousePanning, snapThresholdLower, snapThresholdUpper, frappe-ui zoom pan wheel listener, wheel zoom does not work, scrolling the wheel does not zoom at all and nothing errors, why does wheel zoom stop working when the image loads later, zoom works the first time and then never again after i swap the content, the zoom buttons work but the mouse wheel does nothing, i cannot drag the picture around after zooming in, dragging keeps going after i let go of the mouse, zooming out gets stuck and needs an extra click to go smaller, the view jumps back to the middle on its own when i zoom out, the page scrolls behind the viewer while i try to zoom, how do i stop the wheel from zooming without breaking the rest, why does the zoom land exactly on the default size instead of where i stopped, zoom pan	knowledge/ui/zoom-pan.md	-	-
default-site, init_request resolves a request's site as _site or the x-frappe-site-name header or the request host, a bench serve started with default_site set pins every request to one site and the header is never read, init_request, serve, app_group, get_sites, Invalid request arguments, bench serve wrong site, how does frappe pick the site for a request, my login keeps failing even though the password is definitely right, why is the server answering from a different site than the one i asked for, the site header i send is being ignored completely, i set the site in the request but it still uses the wrong one, records i created are showing up on the wrong site, how do i make the dev server use a specific site when there are several, everything works on one site and breaks on the other with the same code, the page loads fine but the data belongs to another company, why does my script write to the wrong database on a multi site setup, user exists but the app says invalid login on my local server, default site	knowledge/web/default-site.md	-	-
document-page, the web view permission check is an or chain whose first term is allow_guest_to_view, setting that check on the doctype publishes every record with a route to everyone and the two permission calls after it are never reached, DocumentPage, can_render, search_in_doctypes_with_web_view, search_web_page_dynamic_routes, _find_matching_document_webview, get_condition_field, get_html, update_context, allow_guest_to_view, has_web_view, is_published_field, condition_field, route, get_doctypes_with_web_view, website_generators, cache_html, can_cache, redis_cache, website_page, get_web_template, WebsiteGenerator, is_website_published, index_web_pages_for_search, web view 404 not 403, publish doctype to website, all my records are visible to the public and i only wanted a few, why can anyone on the internet open every row of this table, my draft records leaked to the website, the page says not found instead of access denied for an unpublished record, i published the record but the link is still a 404, why does it take an hour before a newly published page appears, i changed the content but the website still shows the old version, the page is stale in production but fine on my dev machine, how do i show a record as a public page on the site, the record has a url but nothing renders it, why is my page not showing up in the site search or sitemap, document page	knowledge/web/document-page.md	-	-
form-permissions, the web form insert calls doc.insert with ignore_permissions, login_required is the only condition between a guest and a new document of that doctype, accept, delete, delete_multiple, WebForm.get_context, WebForm.has_web_form_permission, check_webform_perm, get_published_web_forms, validate_higher_perm_levels, handle_exception, Web Form, You need to be in developer mode to edit a Standard Web Form, Following fields are missing:, Mandatory Information missing:, web form guest submit permission, login_required web form, anyone can submit our public form without logging in and we did not want that, why is a stranger able to create records through the portal, i unpublished the form but submissions keep coming in, one user can open and edit another user's submission, how do i let people see their own submission after they send it, the visitor gets permission denied when opening their own entry, a field that should be locked got overwritten by the person who filled the form, the admin cannot delete an entry but the person who created it can, it keeps saying you must login to submit this form and login is turned off, i gave the guest role permissions and now the api is wide open too, my validation rules never run when the submission comes from the website, form permissions	knowledge/web/form-permissions.md	-	-
form-settings, the web form check fields act at four different places and only two of them reach the write, while depends_on hides a check field on the form without clearing its stored value, accept, WebForm.get_context, WebForm.validate_mandatory, published, login_required, anonymous, allow_edit, allow_multiple, allow_delete, allow_incomplete, apply_document_permissions, show_list, condition_json, Web Form, You need to be in developer mode to edit a Standard Web Form, Following fields are missing:, Mandatory Information missing:, web form check field visibility, depends_on web form field, people are sending the same form twice and i limited it to one, why did a second entry get created for the same person, how do i stop duplicate submissions from one user, a required field came through empty in the saved record, the form let them skip a mandatory question, i ticked the option but nothing changed on the actual save, the checkbox disappeared from the settings screen but it is still taking effect, after turning on anonymous every submission is refused, someone bypassed the form by posting straight to the endpoint, which of these switches actually blocks a submission and which is just navigation, form settings	knowledge/web/form-settings.md	-	-
form-write, accept writes one value per declared web form field and defaults a missing key to an empty string, an edit that omits a declared field blanks it, accept, WebForm.web_form_fields, remove_file_by_url, Web Form, File, You need to be in developer mode to edit a Standard Web Form, Following fields are missing:, Mandatory Information missing:, web form field not saved, web form accept missing field, editing one field wiped out all the other fields in the record, why did my saved data get blanked after the user updated the entry, the uploaded file vanished from the server after an edit, the attachment got deleted and there is no way to get it back, hidden fields on my form are being cleared on every update, how do i keep a value from being erased when the user edits, extra keys i send in the payload are just ignored and never saved, a field i added to the record is never written from the website, the record loses data whenever we submit a partial update, why is the entry saved twice when there is an upload, form write	knowledge/web/form-write.md	-	-
jinja, get_jenv builds the environment with no extensions argument, a `{% comment %}` tag is an unknown tag and the template raises templatesyntaxerror at parse time, get_jenv, FrappeSandboxedEnvironment, get_jloader, set_filters, get_jinja_hooks, UNSAFE_ATTRIBUTES, get_safe_globals, Illegal template, Read-Only queries are allowed, Query must be of SELECT or read-only WITH type., jinja template tag not found, get_jenv extensions, my whole page broke after i added a comment to the template, one bad line in the template took down every page on the site, why does a small template edit make the entire page fail to load, part of my comment is showing up on the live page as visible text, text i meant to hide is printing on the page, why is my commented out block still rendering, the variable name prints itself on the page instead of the value, the page shows the raw braces instead of the actual value, why does a misspelled variable not raise an error, my custom helper is not available inside the template, the helper works on a normal page but is missing when i render in the background, how do i make my own function usable from a template, the wrong app's copy of the template is being used	knowledge/web/jinja.md	-	-
page-files, templatepage walks the installed apps reversed so the last app installed wins a page file, staticpage walks them forward so frappe wins a binary asset at the same path, TemplatePage.set_template_path, can_render, get_index_path_options, get_start_folders, PY_LOADER_SUFFIXES, StaticPage.set_file_path, is_valid_file_path, UNSUPPORTED_STATIC_PAGE_TYPES, is_binary_file, cache_html, can_cache, Invalid Sidebar JSON at, www page file resolution order, which app's page file wins, i put my own version of the page in my app but the old one still shows, my replacement image is ignored and the original one keeps loading, why does my override work for the text page but not for the picture, the stylesheet i dropped into the web folder returns not found, a plain text file in the web folder is never served, why can i not download a file i placed in the web folder, the page still shows the old content after i edited the file, my edits only appear after i restart everything, why is a stale version of the page being served to visitors, my new page returns not found even though the file is in the right folder, how do i make a folder answer a url instead of a single file, how do i keep a shared snippet from becoming its own address, page files	knowledge/web/page-files.md	-	-
routing, a path is offered to the renderers in a fixed order and the first can_render that answers true takes it, a published web form owns its route before any file at that path is looked at, PathResolver.resolve, get_custom_page_renderers, resolve_path, resolve_from_map, get_website_rules, get_response, WebFormPage.can_render, set_headers, DocumentPage.can_render, search_in_doctypes_with_web_view, search_web_page_dynamic_routes, get_page_info_from_web_form, get_page_info_from_web_page_with_dynamic_routes, get_published_web_forms, Web Form, You need to be in developer mode to edit a Standard Web Form, Following fields are missing:, Mandatory Information missing:, frappe website routing order, web form vs www page route conflict, my page is never rendered even though the file is right there, something else is answering the address i built this page for, why does my url show a form instead of the page i wrote, the address worked before i published the form and now it does not, a record is taking over the url i wanted for my page, the address still returns not found after i created the page, how long does a missing address keep answering not found, my own renderer is silently ignored and nothing is logged anywhere, the page refuses to load inside a frame on another site, how do i point one address at a different page, why did changing the address handler break every other url on the site	knowledge/web/routing.md	-	-
status-codes, get_context picks a portal page's status by the exception it raises, redirect, permissionerror or pagedoesnotexisterror, every other exception renders errorpage, get_response, handle_exception, get_response_without_exception_handling, NotPermittedPage, NotFoundPage, RedirectPage, cache_html, Invalid Sidebar JSON at, portal page 404 vs 403, web page status code exception, my page shows a blank record instead of saying it does not exist, the missing item page stays empty even after i added the item, why does my page report success when there is nothing to show, i want a visitor who is not allowed in to be sent to the login screen, how do i show a proper access denied page instead of my own message, the refusal message i wrote never reaches the user, how do i send someone from one page to another address, my test sees a rendered error page instead of the real error, why can i not catch the error my page raises inside a test, the login link forgets where the user was trying to go, status codes	knowledge/web/status-codes.md	-	-
web-template, a standard web template renders the .html file sitting beside its exported json and never the template field in the database, clearing the standard check deletes that folder from the app, WebTemplate, WebTemplate.render, WebTemplate.get_template, get_template_path, get_template_folder, create_template_file, export_to_files, import_from_files, Web Template Field, Web Page Block, web_template_values, get_web_blocks_html, extract_script_and_style_tags, web_block, web_blocks, Enable developer mode to create a standard Web Template, Web Template is not specified, web_block.html, web_template_type, Component, Section, Navbar, Footer, page builder block, add a section to a web page, custom web template, web template html file, web template fields, the markup box is empty even though the block renders fine, why does the saved record show no html at all, where did the markup go after i saved it, my source files disappeared from the app after i unticked a box, the change history shows deleted files and i only clicked around in the admin screen, deleting the record also deleted the folder inside my app, my edits to the block fields are gone after the update run, why do my field changes get wiped every time i update the site, after renaming a field the saved blocks come out blank, the value i typed into the block never reaches the markup, my script inside the block runs only once for several blocks, the style i put in the block ended up somewhere else on the page, the markup change shows right away but the field change does not, web template	knowledge/web/web-template.md	-	-
how do i design a desk page, what does a desk page look like, should this be a page a list view or a report, where does the primary action go on a desk screen, what components does frappe give a desk page, how does frappe design its own screens, my desk page looks nothing like frappe, which desk surface should i build, design a frappe screen, frappe design style, a desk surface is filled not composed, which surface, where a thing goes, settled by	references/a-desk-surface-is-filled-not-composed.md	-	-
my test suite is eating invoice numbers, does running tests move the real naming series, which naming rule should i pick for a doctype, i set autoname but the numbers are not going up, how do i reset a naming series counter safely, my fixture pinned the names and now i get a duplicate entry error, does renaming a document change the series number, two naming series doctypes are sharing the same counter, where does frappe store the naming counter, naming series, autoname pattern, choosing a naming rule and keeping the tests off its counter, settled by	references/choosing-a-naming-rule-and-keeping-the-tests-off-its-counter.md	-	-
what order does migrate actually run things in, my migrate failed halfway what is on the site now, does bench --site all really migrate every site, which config key came back after i ran a bench command, migrate finished but search returns nothing, fixture or customization which one wins on migrate, nginx.conf keeps getting regenerated over my edit, can i roll back a failed migrate, why did restart_supervisor_on_update change by itself, bench migrate, deploy an update to a live site, delivering to a site that is already running, settled by	references/delivering-to-a-site-that-is-already-running.md	-	-
fixture or patch or seed, how do i ship data with an app, my fixture did not install, migrate did not update my records, who owns the row after install, fixtures vs seeds vs patches, ship data with an app, fixtures seed migrate, who owns a row once the operator has edited it, settled by	references/fixtures-seed-migrate.md	-	-
is there a shorter way to write this, what does frappe already give me for this loop, one line instead of a query, frappe utility functions, shorter frappe idiom, frappe is shorter than you wrote it, settled by	references/frappe-is-shorter-than-you-wrote-it.md	-	-
how do i translate my app, my arabic string is not showing, where does ar.csv go, translation not applied, translate a frappe app, app translation workflow, frappe translation methodology, where an arabic string is allowed to live, settled by	references/frappe-translation-methodology.md	-	-
how do i know my answer about frappe is right, the gate passed so is my leaf correct, should i run it or read the source, what does a passing check actually prove, how do i verify what a model told me about frappe, what would have to be true for my answer to be wrong, verify a frappe answer, how to check frappe behaviour, knowing your answer is right, paths, values, how	references/knowing-your-answer-is-right.md	-	-
why is my hook not firing, what order do validate and before_save run in, on_submit did not run, doc_events is ignored, how do i scaffold a doctype, doctype lifecycle hooks, document event order, lifecycle and hooks, where a controller check runs and what runs around it, settled by	references/lifecycle-and-hooks.md	-	-
how should I lay out this page, what layout suits a list heavy screen, which page layout do I pick, page layout template, layout sketch, how do I arrange the regions of a desk page, what changes in my layout under right to left, rtl layout, page layout sketches, six page layouts and what each one costs, choosing between them, a · dense desk, b · status board, c · triage inbox, d · command console, e · dashboard first, f · guided batch, three decisions that apply to all six, settled by	references/page-layout-sketches.md	-	-
how do i build a command palette page, what layout suits a dashboard summary screen, how do i design a bulk action wizard, command console layout, dashboard first layout, guided batch layout, my sidebar markup is not showing up, wizard stepper mirrors wrong under rtl, page layouts command console dashboard guided batch, page layouts d e and f and what each one costs, d · command console, e · dashboard first, f · guided batch, three decisions that apply to all six	references/page-layouts-command-console-dashboard-guided-batch.md	-	-
why can this user not see the list, permission denied but the role has read, if_owner is not working, how do i hide a doctype from a role, portal user cannot open the record, frappe permission system, who can see this record, permissions, what answers a permission question and in what order, settled by	references/permissions.md	-	-
how do i call an external api, where do i keep an api key, how do i retry a failed request, how do i log an outgoing call, call an external api, integrate with a third party, talking to an outside service, what carries the credential the retry and the log, settled by	references/talking-to-an-outside-service.md	-	-
get_list vs get_all which one checks permissions, does frappe.db.sql ignore permissions, which read applies user permissions, my query returns rows the user should not see, checked or unchecked spelling of a read, permission checked query, get_list vs get_all, the checked and unchecked spelling of a read and a write, the checked and the unchecked call for a read and a write, settled by	references/the-checked-and-unchecked-spelling-of-a-read-and-a-write.md	-	-
what do i type to create a new frappe app from scratch, i made an app with bench new-app but it does not show up on my site, does bench new-app install the app on a site too, what is the difference between get-app and install-app, how do i completely remove an app from my bench, does bench drop-site actually delete the site folder, App myapp not in apps.txt when i install it, in what order do i run new-app new-site and install-app, what does uninstall-app leave behind on the site, create a frappe app and site, bench new-app new-site install-app, the commands that create an app a site and an install, settled by	references/the-commands-that-create-an-app-a-site-and-an-install.md	-	-
does bench execute run as administrator, why did my change in bench console disappear, bench run-tests left the scheduler disabled on the site, does a scheduled job check permissions, which bench commands commit for me and which do not, my migrate failed halfway and I do not know what is already committed, does bench execute run on every site or just one, which user does a background job run as, bench execute ran my function twice, bench execute vs console, which user runs a bench command, the commands that run code and who they run as, settled by	references/the-commands-that-run-code-and-who-they-run-as.md	-	-
what can i configure in the desk without writing code, why is my column missing from the list view, workspace link does not appear, dashboard chart or number card which one, desk configuration vs code, what can be done without code in frappe, the desk what is metadata and what must be code, the desk, what a record declares and what only code can do, settled by	references/the-desk-what-is-metadata-and-what-must-be-code.md	-	-
which file do I edit to add a field to a doctype, what goes in hooks.py and what goes in the doctype python file, difference between pre_model_sync and post_model_sync in patches.txt, what is modules.txt for in a frappe app, where does frappe load the client script for a doctype form, do I need a fixtures folder or a patch to ship this record, what are all the files in a frappe app and which ones matter, is the config folder in an app still used or is it the workspace, what is test_records.json and when does it run, app structure, directory layout, the files an app is made of and what each one declares, the files an app is made of, which one declares behaviour, settled by	references/the-files-an-app-is-made-of-and-what-each-one-declares.md	-	-
does a web page check permissions, guest can open my portal page, how do i make a public page in frappe, web form or www page which one is safer, why does my portal record give 404 instead of 403, is whitelist enough to protect an endpoint, which public route checks the doctype permission, let a visitor submit a form without logging in, allow_guest_to_view, public website routes in frappe, guest accessible pages, the four public routes and which one checks a permission, settled by	references/the-four-public-routes-and-which-one-checks-a-permission.md	-	-
frappe-ui createResource vs useDoc which one should I use, createDocumentResource does not update when the route parameter changes, createListResource or useList which one caches the rows, why does my list change when I open a detail page in frappe-ui, frappe-ui reload vs fetch which one actually refetches, two components using useDoc on the same document share state, does the frappe-ui cache survive a page reload, second createResource with the same cache key ignored my options, frappe-ui resource onError but it still throws, frappe-ui data fetching, which frappe-ui composable to use, the frappe ui data layer and which call refetches, the frappe-ui data layer, which call refetches, settled by	references/the-frappe-ui-data-layer-and-which-call-refetches.md	-	-
is a print format a file or a record, can a report run python, what does a server script execute, which desk records run code, why did saving a report write a file into my app, which desk record type can run code, server script vs report vs print format, the records that carry code and what each one runs, settled by	references/the-records-that-carry-code-and-what-each-one-runs.md	-	-
my css was overwritten by an update, how do i customise the desk theme, where do i put custom scss, how do i change the logo, customize the frappe desk theme, css that survives an update, theming what survives an update, theming, what survives an update, settled by	references/theming-what-survives-an-update.md	-	-
what does bench backup actually include, does a frappe backup include the uploaded files, restore lost all the passwords, encryption key is invalid after restore, what bench restore does not bring back, do I need to run migrate after a restore, does bench restore drop the existing database, my backup files disappeared from private backups, is the -enc backup file really encrypted, bench backup contents, restore a site backup, what a backup carries and what a restore cannot bring back, settled by	references/what-a-backup-carries-and-what-a-restore-cannot-bring-back.md	-	-
notification is enabled but no email arrives, emails stuck in Not Sent and no error anywhere, does frappe.sendmail actually send the email, why is nothing in the email queue after sendmail, how do i stop all outgoing email on a site, email queue row says Not Sent forever, frappe notification not firing and nothing in error log, does delayed=False send the email immediately, who actually sends the email queue, email sending pipeline, frappe.sendmail vs email queue, what actually sends and what only queues, settled by	references/what-actually-sends-and-what-only-queues.md	-	-
my scheduled job never ran, does a background job check permissions, which user does a background job run as, scheduler disabled on the site, how do i queue work in frappe, background job scheduling, why is my scheduled job not running, when a background job runs and what stops it, settled by	references/when-a-background-job-runs-and-what-stops-it.md	-	-
why does my query return different rows in the console than in the app, bench console shows rows this user should not see, my get_list works in bench execute but returns nothing over the api, which user does a scheduled job run as, does a background job run as the user who queued it, does frappe.session.user work inside a server script, the report shows rows the role should not be able to see, what user does a controller method run as, i tested the permission in the console and it passed but it fails in production, server side query user context, which user runs a server script query, where a server side query is typed and what it carries, where a server-side query is typed and what it carries, settled by	references/where-a-server-side-query-is-typed-and-what-it-carries.md	-	-
user approved his own document even though self approval is off, how do i stop someone editing a document after it is approved, workflow state changed but the document is still a draft, can a user skip the workflow by editing the state field, does ignore_permissions skip the workflow check, submit button approved the document without the workflow, allow_edit role is not being enforced, who actually approved this document, cancelled document still shows approved state, workflow permission enforcement, workflow bypass, where a workflow checks a permission and where it does not, settled by	references/where-a-workflow-checks-a-permission-and-where-it-does-not.md	-	-
who can run a report in frappe, query report vs script report permissions, can a print format run a database query, my report shows rows the user should not see, how do i restrict a report to one role, custom report roles are ignored, which report type respects user permissions, what does the report permission on a doctype do, report print format jinja not working, report permission types, who can run this report, who may run a report and what it is allowed to read, settled by	references/who-may-run-a-report-and-what-it-is-allowed-to-read.md	-	-
how do i write a frappe test, test_records is not loading, how do i run one test, my test passes against nothing, frappe testing conventions, how to write a frappe test, writing tests the frappe way, writing a test the framework will actually run, settled by	references/writing-tests-the-frappe-way.md	-	-
build a vue app on frappe, frappe-ui data layer, createresource or usedoc, my list does not refresh, save sends every field, paging duplicates rows, dark mode does not switch, socket updates repeat, frappe-ui frontend	tasks/build-a-vue-front-end-on-frappe-ui.md	-	-
call an external api from frappe, expose an endpoint, my webhook did not fire, integrate with a third party service, where do i put an api key, oauth refresh token, receive a callback, verify an incoming request, outbound and inbound integration	tasks/call-an-outside-service-or-be-called-by-one.md	-	-
add a field to a doctype, rename a field, change autoname, my validate does not run, what order do the hooks run in, submit and cancel, doctype schema change, index not created, modify a doctype safely	tasks/change-a-doctype-without-breaking-its-lifecycle.md	-	-
how do i restrict who sees this, hide a record from a user, limit a list to the user's own rows, role permission not working, user permission not filtering, restrict one field, permlevel, who can open this report, guest can see my page, record level permissions	tasks/decide-who-can-read-or-change-a-record.md	-	-
create a new frappe app, generate a doctype from a plan, what to decide before bench new-app, my doctype disappeared after migrate, which decisions cannot be changed later, modules.txt and the module folder, ship permissions with an app, naming series prefix already used, plan and generate an app	tasks/plan-and-generate-a-new-frappe-app.md	-	-
publish a public page, web form, portal page, guest cannot open my page, my route returns the wrong page, let a visitor submit a form, website route, translate the portal, public facing page in frappe	tasks/publish-a-public-page-or-a-portal-form.md	-	-
how do i ship this to another site, deploy a customisation, fixture or patch or custom field, my custom field did not appear on the other site, move a doctype change between sites, ship data with an app, install app on an existing site, migrate did not bring my change, uninstall did not remove it, move a customisation between sites	tasks/ship-a-customisation-to-another-site.md	-	-
onboarding for a new app, what the user sees on the first run, module onboarding step not completing, form tour does not start, my toolbar buttons are duplicated, ship a server script with an app, print style restyles the whole desk, web template renders the wrong file, first run records an app ships	tasks/ship-the-first-run-an-app-puts-in-front-of-a-user.md	-	-
how do i test this, bench run-tests, test records, my suite passed but nothing ran, assert a validation error, test rollback between tests, before_tests, frappe test suite	tasks/write-and-run-tests-for-a-frappe-app.md	-	-
